1,18.000000,16.872999,0.613000,-74,0.000000,7,8
1,18.000000,16.839001,0.630000,-75,0.000000,7,8
1,18.000000,16.914000,0.578000,-75,0.000000,7,8
1,18.000000,16.804001,0.687000,-76,0.000000,7,8
1,18.000000,17.020000,0.477000,-76,0.000000,7,8
1,18.000000,16.836000,0.655000,-76,0.000000,7,8
1,18.000000,16.870001,0.618000,-75,0.000000,7,8
1,18.000000,16.801001,0.627000,-76,0.000000,7,8
1,18.000000,16.910999,0.619000,-75,0.000000,7,8
1,18.000000,16.872999,0.606000,-76,0.000000,7,8
1,18.000000,16.839001,0.665000,-76,0.000000,7,8
1,18.000000,16.917000,0.570000,-76,0.000000,7,8
1,18.000000,16.954000,0.548000,-76,0.000000,7,8
1,18.000000,17.070000,0.483000,-76,0.000000,7,8
1,18.000000,16.917000,0.588000,-75,0.000000,7,8
1,18.000000,17.020000,0.531000,-75,0.000000,7,8
1,18.000000,16.879000,0.553000,-75,0.000000,7,8
1,18.000000,17.098000,0.458000,-74,0.000000,7,8
1,18.000000,17.153999,0.488000,-74,0.000000,7,8
1,18.000000,16.954000,0.571000,-74,0.000000,7,8
1,18.000000,17.070000,0.482000,-74,0.000000,7,8
1,18.000000,17.145000,0.468000,-74,0.000000,7,8
1,18.000000,17.000999,0.526000,-74,0.000000,7,8
1,18.000000,17.017000,0.500000,-74,0.000000,7,8
1,18.000000,17.098000,0.475000,-74,0.000000,7,8
1,18.000000,17.039000,0.446000,-74,0.000000,7,8
1,18.000000,17.183001,0.442000,-74,0.000000,7,8
1,18.000000,17.025999,0.506000,-74,0.000000,7,8
1,18.000000,16.995001,0.498000,-74,0.000000,7,8
1,18.000000,17.033001,0.437000,-75,0.000000,7,8
1,18.000000,17.104000,0.423000,-75,0.000000,7,8
1,18.000000,16.917000,0.547000,-74,0.000000,7,8
1,18.000000,17.042000,0.449000,-74,0.000000,7,8
1,18.000000,16.879000,0.524000,-75,0.000000,7,8
1,18.000000,16.917000,0.564000,-74,0.000000,7,8
1,18.000000,17.061001,0.411000,-74,0.000000,7,8
1,18.000000,17.066999,0.454000,-74,0.000000,7,8
1,18.000000,16.989000,0.524000,-75,0.000000,7,8
1,18.000000,16.914000,0.549000,-75,0.000000,7,8
1,18.000000,17.108000,0.452000,-75,0.000000,7,8
1,18.000000,16.910999,0.584000,-76,0.000000,7,8
1,18.000000,17.145000,0.438000,-75,0.000000,7,8
1,18.000000,16.900999,0.611000,-75,0.000000,7,8
1,18.000000,16.836000,0.600000,-75,0.000000,7,8
1,18.000000,16.841999,0.617000,-76,0.000000,7,8
1,18.000000,16.948000,0.569000,-74,0.000000,7,8
1,18.000000,17.066999,0.524000,-73,0.000000,7,8
1,18.000000,16.875999,0.658000,-73,0.000000,7,8
1,18.000000,17.142000,0.535000,-73,0.000000,7,8
1,18.000000,17.341999,0.399000,-73,0.000000,7,8
1,18.000000,17.344999,0.394000,-74,0.000000,7,8
1,18.000000,17.382999,0.359000,-74,0.000000,7,8
1,18.000000,17.292000,0.447000,-74,0.000000,7,8
1,18.000000,17.226000,0.448000,-75,0.000000,7,8
1,18.000000,17.292000,0.418000,-75,0.000000,7,8
1,18.000000,17.389000,0.286000,-76,0.000000,7,8
1,18.000000,17.461000,0.319000,-77,0.000000,7,8
1,18.000000,17.461000,0.369000,-78,0.000000,7,8
1,18.000000,17.344999,0.388000,-77,0.000000,7,8
1,18.000000,17.336000,0.439000,-77,0.000000,7,8
1,18.000000,17.333000,0.464000,-76,0.000000,7,8
1,18.000000,17.292000,0.461000,-76,0.000000,7,8
1,18.000000,17.339001,0.473000,-76,0.000000,7,8
1,18.000000,17.292000,0.426000,-76,0.000000,7,8
1,18.000000,17.351000,0.383000,-76,0.000000,7,8
1,18.000000,17.351000,0.436000,-75,0.000000,7,8
1,18.000000,17.198000,0.534000,-75,0.000000,7,8
1,18.000000,17.076000,0.615000,-76,0.000000,7,8
1,18.000000,17.101000,0.590000,-75,0.000000,7,8
1,18.000000,17.270000,0.487000,-76,0.000000,7,8
1,18.000000,17.233000,0.501000,-76,0.000000,7,8
1,18.000000,17.076000,0.621000,-76,0.000000,7,8
1,18.000000,17.195000,0.538000,-75,0.000000,7,8
1,18.000000,17.313999,0.414000,-75,0.000000,7,8
1,18.000000,17.250999,0.518000,-75,0.000000,7,8
1,18.000000,17.104000,0.566000,-75,0.000000,7,8
1,18.000000,17.035999,0.572000,-76,0.000000,7,8
1,18.000000,17.275999,0.437000,-76,0.000000,7,8
1,18.000000,17.173000,0.503000,-77,0.000000,7,8
1,18.000000,16.992001,0.583000,-77,0.000000,7,8
1,18.000000,17.308001,0.435000,-76,0.000000,7,8
1,18.000000,17.298000,0.372000,-77,0.000000,7,8
1,18.000000,17.219999,0.451000,-76,0.000000,7,8
1,18.000000,17.073000,0.529000,-78,0.000000,7,8
1,18.000000,17.298000,0.381000,-78,0.000000,7,8
1,18.000000,17.417000,0.379000,-77,0.000000,7,8
1,18.000000,17.336000,0.483000,-74,0.000000,7,8
1,18.000000,17.492001,0.378000,-73,0.000000,7,8
1,18.000000,17.469999,0.342000,-74,0.000000,7,8
1,18.000000,17.219999,0.470000,-74,0.000000,7,8
1,18.000000,17.339001,0.473000,-74,0.000000,7,8
1,18.000000,17.351000,0.413000,-75,0.000000,7,8
1,18.000000,17.308001,0.444000,-74,0.000000,7,8
1,18.000000,17.035999,0.530000,-74,0.000000,7,8
1,18.000000,17.351000,0.361000,-75,0.000000,7,8
1,18.000000,17.158001,0.504000,-75,0.000000,7,8
1,18.000000,17.073000,0.494000,-74,0.000000,7,8
1,18.000000,17.066999,0.598000,-73,0.000000,7,8
1,18.000000,17.111000,0.619000,-76,0.000000,7,8
1,18.000000,17.267000,0.414000,-74,0.000000,7,8
1,18.000000,17.392000,0.368000,-75,0.000000,7,8
1,18.000000,17.233000,0.483000,-73,0.000000,7,8
1,18.000000,17.195000,0.437000,-74,0.000000,7,8
1,18.000000,17.336000,0.385000,-76,0.000000,7,8
1,18.000000,17.292000,0.497000,-76,0.000000,7,8
1,18.000000,17.298000,0.479000,-76,0.000000,7,8
1,18.000000,16.995001,0.634000,-76,0.000000,7,8
1,18.000000,17.344999,0.451000,-76,0.000000,7,8
1,18.000000,17.336000,0.459000,-76,0.000000,7,8
1,18.000000,17.066999,0.598000,-76,0.000000,7,8
1,18.000000,17.298000,0.453000,-76,0.000000,7,8
1,18.000000,17.195000,0.513000,-73,0.000000,7,8
1,18.000000,17.308001,0.499000,-73,0.000000,7,8
1,18.000000,17.176001,0.545000,-74,0.000000,7,8
1,18.000000,17.025999,0.614000,-74,0.000000,7,8
1,18.000000,16.954000,0.631000,-73,0.000000,7,8
1,18.000000,16.992001,0.645000,-74,0.000000,7,8
1,18.000000,17.035999,0.588000,-75,0.000000,7,8
1,18.000000,16.917000,0.644000,-74,0.000000,7,8
1,18.000000,17.198000,0.546000,-75,0.000000,7,8
1,18.000000,17.344999,0.425000,-75,0.000000,7,8
1,18.000000,17.101000,0.569000,-75,0.000000,7,8
1,18.000000,17.395000,0.432000,-74,0.000000,7,8
1,18.000000,17.076000,0.565000,-75,0.000000,7,8
1,18.000000,17.179001,0.528000,-75,0.000000,7,8
1,18.000000,16.997999,0.576000,-74,0.000000,7,8
1,18.000000,17.267000,0.493000,-74,0.000000,7,8
1,18.000000,17.158001,0.537000,-75,0.000000,7,8
1,18.000000,17.104000,0.641000,-75,0.000000,7,8
1,18.000000,17.261000,0.502000,-75,0.000000,7,8
1,18.000000,17.336000,0.489000,-76,0.000000,7,8
1,18.000000,17.139000,0.585000,-73,0.000000,7,8
1,18.000000,17.153999,0.552000,-75,0.000000,7,8
1,18.000000,17.066999,0.598000,-75,0.000000,7,8
1,18.000000,17.033001,0.653000,-74,0.000000,7,8
1,18.000000,17.070000,0.619000,-74,0.000000,7,8
1,18.000000,17.195000,0.513000,-74,0.000000,7,8
1,18.000000,17.139000,0.578000,-75,0.000000,7,8
1,18.000000,17.136000,0.559000,-75,0.000000,7,8
1,18.000000,17.257999,0.455000,-76,0.000000,7,8
1,18.000000,16.992001,0.617000,-76,0.000000,7,8
1,18.000000,16.920000,0.638000,-77,0.000000,7,8
1,18.000000,17.101000,0.589000,-75,0.000000,7,8
1,18.000000,17.219999,0.506000,-75,0.000000,7,8
1,18.000000,17.188999,0.520000,-75,0.000000,7,8
1,18.000000,17.120001,0.494000,-76,0.000000,7,8
1,18.000000,17.295000,0.420000,-75,0.000000,7,8
1,18.000000,17.039000,0.551000,-75,0.000000,7,8
1,18.000000,17.211000,0.478000,-76,0.000000,7,8
1,18.000000,17.257999,0.479000,-75,0.000000,7,8
1,18.000000,17.247999,0.457000,-75,0.000000,7,8
1,18.000000,17.344999,0.420000,-74,0.000000,7,8
1,18.000000,17.372999,0.419000,-74,0.000000,7,8
1,18.000000,17.073000,0.594000,-73,0.000000,7,8
1,18.000000,17.344999,0.412000,-73,0.000000,7,8
1,18.000000,17.339001,0.488000,-73,0.000000,7,8
1,18.000000,17.270000,0.497000,-73,0.000000,7,8
1,18.000000,17.423000,0.385000,-72,0.000000,7,8
1,18.000000,17.111000,0.527000,-73,0.000000,7,8
1,18.000000,17.073000,0.512000,-74,0.000000,7,8
1,18.000000,17.344999,0.417000,-73,0.000000,7,8
1,18.000000,17.298000,0.454000,-74,0.000000,7,8
1,18.000000,17.114000,0.529000,-74,0.000000,7,8
1,18.000000,17.195000,0.438000,-75,0.000000,7,8
1,18.000000,17.108000,0.552000,-75,0.000000,7,8
1,18.000000,17.236000,0.414000,-75,0.000000,7,8
1,18.000000,17.195000,0.519000,-73,0.000000,7,8
1,18.000000,17.108000,0.612000,-73,0.000000,7,8
1,18.000000,17.304001,0.419000,-74,0.000000,7,8
1,18.000000,17.111000,0.534000,-75,0.000000,7,8
1,18.000000,17.173000,0.524000,-74,0.000000,7,8
1,18.000000,17.214001,0.546000,-73,0.000000,7,8
1,18.000000,17.111000,0.576000,-73,0.000000,7,8
1,18.000000,17.073000,0.565000,-73,0.000000,7,8
1,18.000000,17.275999,0.416000,-74,0.000000,7,8
1,18.000000,17.104000,0.584000,-73,0.000000,7,8
1,18.000000,17.104000,0.614000,-73,0.000000,7,8
1,18.000000,17.336000,0.437000,-75,0.000000,7,8
1,18.000000,17.313999,0.437000,-75,0.000000,7,8
1,18.000000,17.351000,0.431000,-74,0.000000,7,8
1,18.000000,17.298000,0.497000,-74,0.000000,7,8
1,18.000000,17.461000,0.378000,-73,0.000000,7,8
1,18.000000,17.114000,0.574000,-74,0.000000,7,8
1,18.000000,17.275999,0.498000,-74,0.000000,7,8
1,18.000000,17.344999,0.452000,-75,0.000000,7,8
1,18.000000,17.114000,0.595000,-76,0.000000,7,8
1,18.000000,17.142000,0.610000,-75,0.000000,7,8
1,18.000000,17.216999,0.525000,-73,0.000000,7,8
1,18.000000,17.233000,0.495000,-73,0.000000,7,8
1,18.000000,17.305000,0.442000,-74,0.000000,7,8
1,18.000000,17.066999,0.611000,-74,0.000000,7,8
1,18.000000,17.344999,0.417000,-73,0.000000,7,8
1,18.000000,17.145000,0.574000,-73,0.000000,7,8
1,18.000000,17.216999,0.532000,-72,0.000000,7,8
1,18.000000,17.250999,0.496000,-72,0.000000,7,8
1,18.000000,17.035999,0.563000,-72,0.000000,7,8
1,18.000000,17.275999,0.475000,-71,0.000000,7,8
1,18.000000,17.104000,0.618000,-71,0.000000,7,8
1,18.000000,17.139000,0.623000,-71,0.000000,7,8
1,18.000000,17.336000,0.444000,-72,0.000000,7,8
1,18.000000,17.336000,0.493000,-72,0.000000,7,8
1,18.000000,17.158001,0.467000,-73,0.000000,7,8
1,18.000000,17.104000,0.578000,-73,0.000000,7,8
1,18.000000,17.295000,0.497000,-73,0.000000,7,8
1,18.000000,17.275999,0.418000,-73,0.000000,7,8
1,18.000000,17.158001,0.526000,-73,0.000000,7,8
1,18.000000,17.433001,0.372000,-73,0.000000,7,8
1,18.000000,17.336000,0.417000,-73,0.000000,7,8
1,18.000000,17.076000,0.550000,-75,0.000000,7,8
1,18.000000,17.313999,0.442000,-75,0.000000,7,8
1,18.000000,17.039000,0.613000,-74,0.000000,7,8
1,18.000000,17.070000,0.579000,-73,0.000000,7,8
1,18.000000,17.150999,0.519000,-73,0.000000,7,8
1,18.000000,17.066999,0.625000,-73,0.000000,7,8
1,18.000000,17.226000,0.505000,-73,0.000000,7,8
1,18.000000,17.179001,0.585000,-73,0.000000,7,8
1,18.000000,17.261000,0.507000,-74,0.000000,7,8
1,18.000000,17.344999,0.436000,-74,0.000000,7,8
1,18.000000,17.195000,0.529000,-74,0.000000,7,8
1,18.000000,17.111000,0.561000,-75,0.000000,7,8
1,18.000000,17.254000,0.525000,-75,0.000000,7,8
1,18.000000,17.433001,0.362000,-74,0.000000,7,8
1,18.000000,17.351000,0.408000,-74,0.000000,7,8
1,18.000000,17.275999,0.396000,-75,0.000000,7,8
1,18.000000,17.176001,0.577000,-75,0.000000,7,8
1,18.000000,17.344999,0.387000,-75,0.000000,7,8
1,18.000000,17.158001,0.526000,-74,0.000000,7,8
1,18.000000,17.275999,0.397000,-74,0.000000,7,8
1,18.000000,17.298000,0.453000,-74,0.000000,7,8
1,18.000000,17.275999,0.476000,-74,0.000000,7,8
1,18.000000,17.195000,0.454000,-74,0.000000,7,8
1,18.000000,17.195000,0.452000,-75,0.000000,7,8
1,18.000000,17.261000,0.502000,-74,0.000000,7,8
1,18.000000,17.211000,0.514000,-75,0.000000,7,8
1,18.000000,17.104000,0.546000,-75,0.000000,7,8
1,18.000000,17.298000,0.443000,-75,0.000000,7,8
1,18.000000,17.275999,0.497000,-74,0.000000,7,8
1,18.000000,17.214001,0.497000,-74,0.000000,7,8
1,18.000000,17.339001,0.457000,-75,0.000000,7,8
1,18.000000,17.250999,0.541000,-75,0.000000,7,8
1,18.000000,17.066999,0.583000,-74,0.000000,7,8
1,18.000000,17.236000,0.504000,-74,0.000000,7,8
1,18.000000,17.336000,0.417000,-74,0.000000,7,8
1,18.000000,17.336000,0.455000,-74,0.000000,7,8
1,18.000000,17.247999,0.541000,-74,0.000000,7,8
1,18.000000,17.111000,0.552000,-74,0.000000,7,8
1,18.000000,17.111000,0.559000,-74,0.000000,7,8
1,18.000000,17.433001,0.391000,-73,0.000000,7,8
1,18.000000,17.186001,0.544000,-73,0.000000,7,8
1,18.000000,17.070000,0.606000,-73,0.000000,7,8
1,18.000000,17.111000,0.551000,-74,0.000000,7,8
1,18.000000,17.275999,0.446000,-74,0.000000,7,8
1,18.000000,17.275999,0.445000,-74,0.000000,7,8
1,18.000000,17.275999,0.465000,-74,0.000000,7,8
1,18.000000,17.344999,0.436000,-74,0.000000,7,8
1,18.000000,17.176001,0.557000,-74,0.000000,7,8
1,18.000000,17.382999,0.383000,-74,0.000000,7,8
1,18.000000,17.073000,0.565000,-74,0.000000,7,8
1,18.000000,17.211000,0.488000,-74,0.000000,7,8
1,18.000000,17.104000,0.561000,-74,0.000000,7,8
1,18.000000,17.344999,0.400000,-75,0.000000,7,8
1,18.000000,17.275999,0.451000,-75,0.000000,7,8
1,18.000000,17.250999,0.541000,-75,0.000000,7,8
1,18.000000,17.313999,0.434000,-74,0.000000,7,8
1,18.000000,17.158001,0.454000,-75,0.000000,7,8
1,18.000000,17.344999,0.400000,-75,0.000000,7,8
1,18.000000,17.073000,0.556000,-75,0.000000,7,8
1,18.000000,17.176001,0.557000,-75,0.000000,7,8
1,18.000000,17.250999,0.541000,-75,0.000000,7,8
1,18.000000,17.120001,0.537000,-75,0.000000,7,8
1,18.000000,17.236000,0.416000,-75,0.000000,7,8
1,18.000000,17.298000,0.464000,-75,0.000000,7,8
1,18.000000,17.211000,0.512000,-75,0.000000,7,8
1,18.000000,17.028999,0.606000,-75,0.000000,7,8
1,18.000000,17.139000,0.556000,-75,0.000000,7,8
1,18.000000,17.355000,0.430000,-74,0.000000,7,8
1,18.000000,17.313999,0.372000,-74,0.000000,7,8
1,18.000000,17.230000,0.457000,-73,0.000000,7,8
1,18.000000,17.313999,0.387000,-74,0.000000,7,8
1,18.000000,17.195000,0.444000,-74,0.000000,7,8
1,18.000000,17.028999,0.604000,-74,0.000000,7,8
1,18.000000,17.344999,0.412000,-74,0.000000,7,8
1,18.000000,17.372999,0.424000,-75,0.000000,7,8
1,18.000000,17.254000,0.497000,-75,0.000000,7,8
1,18.000000,17.233000,0.484000,-74,0.000000,7,8
1,18.000000,17.176001,0.525000,-75,0.000000,7,8
1,18.000000,17.275999,0.410000,-74,0.000000,7,8
1,18.000000,17.191999,0.483000,-74,0.000000,7,8
1,18.000000,17.236000,0.423000,-74,0.000000,7,8
1,18.000000,17.250999,0.533000,-74,0.000000,7,8
1,18.000000,17.183001,0.531000,-74,0.000000,7,8
1,18.000000,17.114000,0.513000,-74,0.000000,7,8
1,18.000000,17.153999,0.469000,-74,0.000000,7,8
1,18.000000,17.145000,0.525000,-74,0.000000,7,8
1,18.000000,17.344999,0.387000,-73,0.000000,7,8
1,18.000000,17.214001,0.493000,-73,0.000000,7,8
1,18.000000,17.372999,0.410000,-74,0.000000,7,8
1,18.000000,17.289000,0.482000,-74,0.000000,7,8
1,18.000000,17.142000,0.539000,-74,0.000000,7,8
1,18.000000,17.386000,0.431000,-73,0.000000,7,8
1,18.000000,17.108000,0.575000,-73,0.000000,7,8
1,18.000000,17.148001,0.550000,-73,0.000000,7,8
1,18.000000,17.355000,0.393000,-72,0.000000,7,8
1,18.000000,17.150999,0.533000,-72,0.000000,7,8
1,18.000000,17.275999,0.479000,-71,0.000000,7,8
1,18.000000,17.313999,0.367000,-73,0.000000,7,8
1,18.000000,17.344999,0.436000,-73,0.000000,7,8
1,18.000000,17.267000,0.438000,-73,0.000000,7,8
1,18.000000,16.995001,0.604000,-74,0.000000,7,8
1,18.000000,16.954000,0.683000,-75,0.000000,7,8
1,18.000000,17.120001,0.523000,-75,0.000000,7,8
1,18.000000,16.961000,0.652000,-74,0.000000,7,8
1,18.000000,17.257999,0.481000,-74,0.000000,7,8
1,18.000000,17.304001,0.410000,-74,0.000000,7,8
1,18.000000,17.158001,0.492000,-74,0.000000,7,8
1,18.000000,17.355000,0.429000,-75,0.000000,7,8
1,18.000000,17.295000,0.416000,-75,0.000000,7,8
1,18.000000,17.236000,0.478000,-74,0.000000,7,8
1,18.000000,17.275999,0.409000,-74,0.000000,7,8
1,18.000000,17.150999,0.524000,-74,0.000000,7,8
1,18.000000,17.191999,0.515000,-75,0.000000,7,8
1,18.000000,17.076000,0.586000,-75,0.000000,7,8
1,18.000000,17.250999,0.475000,-73,0.000000,7,8
1,18.000000,17.179001,0.593000,-73,0.000000,7,8
1,18.000000,17.155001,0.472000,-74,0.000000,7,8
1,18.000000,17.198000,0.432000,-77,0.000000,7,8
1,18.000000,17.120001,0.487000,-75,0.000000,7,8
1,18.000000,17.250999,0.533000,-74,0.000000,7,8
1,18.000000,17.000999,0.606000,-75,0.000000,7,8
1,18.000000,17.254000,0.486000,-75,0.000000,7,8
1,18.000000,17.179001,0.517000,-75,0.000000,7,8
1,18.000000,17.267000,0.415000,-75,0.000000,7,8
1,18.000000,17.176001,0.569000,-75,0.000000,7,8
1,18.000000,17.042000,0.537000,-76,0.000000,7,8
1,18.000000,16.917000,0.694000,-77,0.000000,7,8
1,18.000000,17.211000,0.547000,-76,0.000000,7,8
1,18.000000,17.239000,0.397000,-77,0.000000,7,8
1,18.000000,17.150999,0.541000,-74,0.000000,7,8
1,18.000000,16.997999,0.532000,-76,0.000000,7,8
1,18.000000,17.230000,0.517000,-75,0.000000,7,8
1,18.000000,17.142000,0.575000,-74,0.000000,7,8
1,18.000000,17.336000,0.451000,-76,0.000000,7,8
1,18.000000,17.073000,0.571000,-75,0.000000,7,8
1,18.000000,17.073000,0.550000,-75,0.000000,7,8
1,18.000000,17.033001,0.560000,-75,0.000000,7,8
1,18.000000,17.076000,0.523000,-75,0.000000,7,8
1,18.000000,17.139000,0.604000,-74,0.000000,7,8
1,18.000000,17.104000,0.573000,-74,0.000000,7,8
1,18.000000,17.195000,0.501000,-74,0.000000,7,8
1,18.000000,17.275999,0.380000,-74,0.000000,7,8
1,18.000000,17.066999,0.564000,-75,0.000000,7,8
1,18.000000,17.298000,0.468000,-74,0.000000,7,8
1,18.000000,17.344999,0.437000,-75,0.000000,7,8
1,18.000000,17.101000,0.619000,-75,0.000000,7,8
1,18.000000,17.101000,0.588000,-75,0.000000,7,8
1,18.000000,17.114000,0.560000,-75,0.000000,7,8
1,18.000000,17.117001,0.512000,-77,0.000000,7,8
1,18.000000,17.076000,0.548000,-76,0.000000,7,8
1,18.000000,17.336000,0.426000,-77,0.000000,7,8
1,18.000000,17.257999,0.460000,-75,0.000000,7,8
1,18.000000,17.336000,0.417000,-76,0.000000,7,8
1,18.000000,17.336000,0.398000,-74,0.000000,7,8
1,18.000000,17.028999,0.648000,-76,0.000000,7,8
1,18.000000,17.326000,0.467000,-76,0.000000,7,8
1,18.000000,17.214001,0.550000,-76,0.000000,7,8
1,18.000000,17.076000,0.575000,-75,0.000000,7,8
1,18.000000,17.139000,0.557000,-75,0.000000,7,8
1,18.000000,17.076000,0.529000,-75,0.000000,7,8
1,18.000000,17.153999,0.556000,-76,0.000000,7,8
1,18.000000,17.117001,0.550000,-75,0.000000,7,8
1,18.000000,17.372999,0.400000,-75,0.000000,7,8
1,18.000000,17.336000,0.431000,-76,0.000000,7,8
1,18.000000,17.028999,0.590000,-76,0.000000,7,8
1,18.000000,17.063999,0.615000,-75,0.000000,7,8
1,18.000000,17.336000,0.417000,-76,0.000000,7,8
1,18.000000,17.275999,0.438000,-76,0.000000,7,8
1,18.000000,16.995001,0.578000,-75,0.000000,7,8
1,18.000000,17.070000,0.576000,-76,0.000000,7,8
1,18.000000,17.250999,0.518000,-75,0.000000,7,8
1,18.000000,16.995001,0.635000,-76,0.000000,7,8
1,18.000000,17.214001,0.550000,-75,0.000000,7,8
1,18.000000,17.214001,0.558000,-75,0.000000,7,8
1,18.000000,17.176001,0.520000,-75,0.000000,7,8
1,18.000000,17.155001,0.468000,-76,0.000000,7,8
1,18.000000,17.066999,0.612000,-75,0.000000,7,8
1,18.000000,17.176001,0.555000,-75,0.000000,7,8
1,18.000000,17.344999,0.417000,-75,0.000000,7,8
1,18.000000,17.316999,0.377000,-75,0.000000,7,8
1,18.000000,17.101000,0.588000,-75,0.000000,7,8
1,18.000000,17.344999,0.430000,-75,0.000000,7,8
1,18.000000,17.076000,0.622000,-76,0.000000,7,8
1,18.000000,17.250999,0.496000,-75,0.000000,7,8
1,18.000000,17.114000,0.593000,-75,0.000000,7,8
1,18.000000,17.233000,0.455000,-75,0.000000,7,8
1,18.000000,17.295000,0.429000,-75,0.000000,7,8
1,18.000000,17.101000,0.588000,-75,0.000000,7,8
1,18.000000,17.298000,0.480000,-76,0.000000,7,8
1,18.000000,17.344999,0.425000,-75,0.000000,7,8
1,18.000000,17.270000,0.446000,-76,0.000000,7,8
1,18.000000,17.076000,0.545000,-75,0.000000,7,8
1,18.000000,17.139000,0.577000,-74,0.000000,7,8
1,18.000000,17.155001,0.552000,-76,0.000000,7,8
1,18.000000,17.275999,0.396000,-74,0.000000,7,8
1,18.000000,16.995001,0.632000,-75,0.000000,7,8
1,18.000000,16.995001,0.577000,-75,0.000000,7,8
1,18.000000,16.995001,0.625000,-75,0.000000,7,8
1,18.000000,17.195000,0.454000,-76,0.000000,7,8
1,18.000000,17.372999,0.400000,-75,0.000000,7,8
1,18.000000,17.179001,0.567000,-76,0.000000,7,8
1,18.000000,17.355000,0.391000,-75,0.000000,7,8
1,18.000000,17.289000,0.507000,-75,0.000000,7,8
1,18.000000,17.150999,0.515000,-75,0.000000,7,8
1,18.000000,17.275999,0.397000,-75,0.000000,7,8
1,18.000000,17.101000,0.578000,-75,0.000000,7,8
1,18.000000,17.076000,0.526000,-75,0.000000,7,8
1,18.000000,17.395000,0.379000,-76,0.000000,7,8
1,18.000000,17.035999,0.562000,-74,0.000000,7,8
1,18.000000,17.214001,0.487000,-75,0.000000,7,8
1,18.000000,17.289000,0.507000,-75,0.000000,7,8
1,18.000000,17.236000,0.454000,-75,0.000000,7,8
1,18.000000,17.108000,0.576000,-75,0.000000,7,8
1,18.000000,17.316999,0.408000,-75,0.000000,7,8
1,18.000000,17.158001,0.499000,-75,0.000000,7,8
1,18.000000,17.326000,0.436000,-75,0.000000,7,8
1,18.000000,17.066999,0.590000,-75,0.000000,7,8
1,18.000000,17.386000,0.418000,-75,0.000000,7,8
1,18.000000,17.139000,0.556000,-76,0.000000,7,8
1,18.000000,17.214001,0.550000,-75,0.000000,7,8
1,18.000000,17.028999,0.618000,-75,0.000000,7,8
1,18.000000,17.028999,0.606000,-75,0.000000,7,8
1,18.000000,17.233000,0.498000,-75,0.000000,7,8
1,18.000000,17.176001,0.550000,-75,0.000000,7,8
1,18.000000,17.261000,0.473000,-73,0.000000,7,8
1,18.000000,17.275999,0.463000,-75,0.000000,7,8
1,18.000000,17.158001,0.469000,-76,0.000000,7,8
1,18.000000,17.313999,0.391000,-76,0.000000,7,8
1,18.000000,17.214001,0.528000,-75,0.000000,7,8
1,18.000000,17.229000,0.485000,-76,0.000000,7,8
1,18.000000,17.275999,0.377000,-76,0.000000,7,8
1,18.000000,17.298000,0.425000,-76,0.000000,7,8
1,18.000000,17.114000,0.571000,-75,0.000000,7,8
1,18.000000,17.250999,0.541000,-76,0.000000,7,8
1,18.000000,17.351000,0.388000,-75,0.000000,7,8
1,18.000000,17.295000,0.445000,-76,0.000000,7,8
1,18.000000,17.195000,0.479000,-76,0.000000,7,8
1,18.000000,17.275999,0.399000,-75,0.000000,7,8
1,18.000000,17.336000,0.412000,-75,0.000000,7,8
1,18.000000,17.155001,0.506000,-74,0.000000,7,8
1,18.000000,17.101000,0.558000,-75,0.000000,7,8
1,18.000000,17.275999,0.407000,-75,0.000000,7,8
1,18.000000,17.070000,0.582000,-75,0.000000,7,8
1,18.000000,17.336000,0.417000,-75,0.000000,7,8
1,18.000000,17.080000,0.571000,-76,0.000000,7,8
1,18.000000,17.344999,0.448000,-75,0.000000,7,8
1,18.000000,17.073000,0.584000,-75,0.000000,7,8
1,18.000000,17.250999,0.464000,-75,0.000000,7,8
1,18.000000,17.275999,0.410000,-75,0.000000,7,8
1,18.000000,17.108000,0.569000,-75,0.000000,7,8
1,18.000000,17.236000,0.459000,-75,0.000000,7,8
1,18.000000,17.142000,0.567000,-75,0.000000,7,8
1,18.000000,17.176001,0.585000,-75,0.000000,7,8
1,18.000000,17.033001,0.628000,-76,0.000000,7,8
1,18.000000,17.414000,0.396000,-75,0.000000,7,8
1,18.000000,17.101000,0.574000,-76,0.000000,7,8
1,18.000000,17.355000,0.333000,-75,0.000000,7,8
1,18.000000,17.070000,0.562000,-75,0.000000,7,8
1,18.000000,17.104000,0.566000,-75,0.000000,7,8
1,18.000000,17.114000,0.540000,-75,0.000000,7,8
1,18.000000,16.992001,0.630000,-75,0.000000,7,8
1,18.000000,17.155001,0.503000,-75,0.000000,7,8
1,18.000000,17.214001,0.492000,-75,0.000000,7,8
1,18.000000,17.236000,0.442000,-75,0.000000,7,8
1,18.000000,17.063999,0.620000,-75,0.000000,7,8
1,18.000000,17.375999,0.435000,-75,0.000000,7,8
1,18.000000,17.104000,0.581000,-75,0.000000,7,8
1,18.000000,17.076000,0.556000,-75,0.000000,7,8
1,18.000000,17.150999,0.525000,-75,0.000000,7,8
1,18.000000,17.344999,0.387000,-75,0.000000,7,8
1,18.000000,17.344999,0.413000,-75,0.000000,7,8
1,18.000000,17.247999,0.515000,-74,0.000000,7,8
1,18.000000,17.145000,0.592000,-75,0.000000,7,8
1,18.000000,16.995001,0.666000,-75,0.000000,7,8
1,18.000000,17.275999,0.437000,-75,0.000000,7,8
1,18.000000,17.423000,0.357000,-75,0.000000,7,8
1,18.000000,17.214001,0.521000,-73,0.000000,7,8
1,18.000000,17.336000,0.426000,-75,0.000000,7,8
1,18.000000,17.344999,0.368000,-76,0.000000,7,8
1,18.000000,17.236000,0.403000,-75,0.000000,7,8
1,18.000000,17.142000,0.575000,-75,0.000000,7,8
1,18.000000,17.275999,0.398000,-75,0.000000,7,8
1,18.000000,17.076000,0.542000,-75,0.000000,7,8
1,18.000000,17.104000,0.635000,-75,0.000000,7,8
1,18.000000,17.336000,0.475000,-75,0.000000,7,8
1,18.000000,16.995001,0.609000,-75,0.000000,7,8
1,18.000000,17.236000,0.470000,-76,0.000000,7,8
1,18.000000,17.395000,0.380000,-75,0.000000,7,8
1,18.000000,17.275999,0.429000,-75,0.000000,7,8
1,18.000000,17.344999,0.461000,-75,0.000000,7,8
1,18.000000,17.214001,0.564000,-75,0.000000,7,8
1,18.000000,17.257999,0.453000,-75,0.000000,7,8
1,18.000000,17.344999,0.418000,-75,0.000000,7,8
1,18.000000,17.186001,0.518000,-75,0.000000,7,8
1,18.000000,17.372999,0.446000,-75,0.000000,7,8
1,18.000000,17.372999,0.419000,-75,0.000000,7,8
1,18.000000,17.101000,0.574000,-75,0.000000,7,8
1,18.000000,17.111000,0.551000,-74,0.000000,7,8
1,18.000000,17.195000,0.469000,-74,0.000000,7,8
1,18.000000,17.139000,0.584000,-75,0.000000,7,8
1,18.000000,17.375999,0.464000,-75,0.000000,7,8
1,18.000000,17.214001,0.504000,-75,0.000000,7,8
1,18.000000,17.198000,0.435000,-75,0.000000,7,8
1,18.000000,17.076000,0.556000,-75,0.000000,7,8
1,18.000000,17.211000,0.490000,-75,0.000000,7,8
1,18.000000,17.153999,0.514000,-75,0.000000,7,8
1,18.000000,16.995001,0.635000,-75,0.000000,7,8
1,18.000000,17.372999,0.419000,-75,0.000000,7,8
1,18.000000,17.250999,0.533000,-74,0.000000,7,8
1,18.000000,17.336000,0.428000,-75,0.000000,7,8
1,18.000000,17.395000,0.407000,-75,0.000000,7,8
1,18.000000,17.108000,0.577000,-74,0.000000,7,8
1,18.000000,17.216999,0.479000,-74,0.000000,7,8
1,18.000000,17.108000,0.592000,-75,0.000000,7,8
1,18.000000,17.250999,0.518000,-76,0.000000,7,8
1,18.000000,17.104000,0.566000,-75,0.000000,7,8
1,18.000000,17.176001,0.521000,-75,0.000000,7,8
1,18.000000,17.104000,0.566000,-75,0.000000,7,8
1,18.000000,17.114000,0.600000,-75,0.000000,7,8
1,18.000000,17.233000,0.501000,-75,0.000000,7,8
1,18.000000,17.214001,0.492000,-75,0.000000,7,8
1,18.000000,17.104000,0.566000,-75,0.000000,7,8
1,18.000000,17.176001,0.580000,-75,0.000000,7,8
1,18.000000,17.195000,0.503000,-75,0.000000,7,8
1,18.000000,17.316999,0.426000,-75,0.000000,7,8
1,18.000000,17.076000,0.573000,-76,0.000000,7,8
1,18.000000,17.073000,0.580000,-75,0.000000,7,8
1,18.000000,17.155001,0.518000,-76,0.000000,7,8
1,18.000000,16.995001,0.602000,-75,0.000000,7,8
1,18.000000,17.295000,0.489000,-75,0.000000,7,8
1,18.000000,17.211000,0.547000,-75,0.000000,7,8
1,18.000000,17.214001,0.529000,-76,0.000000,7,8
1,18.000000,17.336000,0.442000,-75,0.000000,7,8
1,18.000000,17.267000,0.483000,-77,0.000000,7,8
1,18.000000,17.336000,0.442000,-74,0.000000,7,8
1,18.000000,16.995001,0.595000,-74,0.000000,7,8
1,18.000000,17.336000,0.417000,-75,0.000000,7,8
1,18.000000,16.954000,0.593000,-75,0.000000,7,8
1,18.000000,17.295000,0.429000,-75,0.000000,7,8
1,18.000000,17.275999,0.410000,-75,0.000000,7,8
1,18.000000,17.295000,0.416000,-75,0.000000,7,8
1,18.000000,17.214001,0.492000,-75,0.000000,7,8
1,18.000000,17.423000,0.342000,-75,0.000000,7,8
1,18.000000,17.153999,0.518000,-75,0.000000,7,8
1,18.000000,16.954000,0.628000,-76,0.000000,7,8
1,18.000000,17.316999,0.410000,-75,0.000000,7,8
1,18.000000,17.198000,0.425000,-75,0.000000,7,8
1,18.000000,17.066999,0.621000,-75,0.000000,7,8
1,18.000000,17.275999,0.439000,-76,0.000000,7,8
1,18.000000,17.351000,0.459000,-75,0.000000,7,8
1,18.000000,17.066999,0.561000,-75,0.000000,7,8
1,18.000000,17.142000,0.560000,-75,0.000000,7,8
1,18.000000,17.295000,0.459000,-74,0.000000,7,8
1,18.000000,17.298000,0.406000,-76,0.000000,7,8
1,18.000000,17.289000,0.499000,-75,0.000000,7,8
1,18.000000,17.267000,0.472000,-75,0.000000,7,8
1,18.000000,17.158001,0.497000,-75,0.000000,7,8
1,18.000000,17.150999,0.496000,-75,0.000000,7,8
1,18.000000,17.176001,0.520000,-75,0.000000,7,8
1,18.000000,17.142000,0.574000,-75,0.000000,7,8
1,18.000000,17.033001,0.592000,-75,0.000000,7,8
1,18.000000,17.076000,0.556000,-76,0.000000,7,8
1,18.000000,17.142000,0.560000,-75,0.000000,7,8
1,18.000000,17.275999,0.480000,-76,0.000000,7,8
1,18.000000,17.275999,0.447000,-76,0.000000,7,8
1,18.000000,17.066999,0.590000,-74,0.000000,7,8
1,18.000000,17.275999,0.389000,-74,0.000000,7,8
1,18.000000,17.267000,0.400000,-74,0.000000,7,8
1,18.000000,17.364000,0.417000,-75,0.000000,7,8
1,18.000000,17.239000,0.450000,-75,0.000000,7,8
1,18.000000,17.316999,0.365000,-75,0.000000,7,8
1,18.000000,17.104000,0.593000,-76,0.000000,7,8
1,18.000000,17.364000,0.406000,-75,0.000000,7,8
1,18.000000,17.414000,0.379000,-75,0.000000,7,8
1,18.000000,17.267000,0.415000,-75,0.000000,7,8
1,18.000000,17.158001,0.507000,-76,0.000000,7,8
1,18.000000,17.073000,0.585000,-75,0.000000,7,8
1,18.000000,17.275999,0.458000,-75,0.000000,7,8
1,18.000000,17.236000,0.481000,-75,0.000000,7,8
1,18.000000,17.298000,0.454000,-76,0.000000,7,8
1,18.000000,17.153999,0.546000,-75,0.000000,7,8
1,18.000000,17.114000,0.572000,-74,0.000000,7,8
1,18.000000,17.142000,0.561000,-76,0.000000,7,8
1,18.000000,17.326000,0.428000,-75,0.000000,7,8
1,18.000000,17.076000,0.583000,-76,0.000000,7,8
1,18.000000,17.233000,0.484000,-74,0.000000,7,8
1,18.000000,17.250999,0.517000,-74,0.000000,7,8
1,18.000000,17.250999,0.475000,-75,0.000000,7,8
1,18.000000,17.233000,0.475000,-76,0.000000,7,8
1,18.000000,17.355000,0.418000,-76,0.000000,7,8
1,18.000000,17.289000,0.460000,-76,0.000000,7,8
1,18.000000,17.270000,0.493000,-75,0.000000,7,8
1,18.000000,17.295000,0.459000,-75,0.000000,7,8
1,18.000000,17.211000,0.471000,-76,0.000000,7,8
1,18.000000,17.216999,0.519000,-73,0.000000,7,8
1,18.000000,17.066999,0.595000,-75,0.000000,7,8
1,18.000000,17.104000,0.596000,-74,0.000000,7,8
1,18.000000,16.995001,0.651000,-75,0.000000,7,8
1,18.000000,17.336000,0.412000,-74,0.000000,7,8
1,18.000000,17.275999,0.420000,-74,0.000000,7,8
1,18.000000,16.992001,0.594000,-74,0.000000,7,8
1,18.000000,17.233000,0.533000,-76,0.000000,7,8
1,18.000000,17.108000,0.576000,-76,0.000000,7,8
1,18.000000,17.267000,0.469000,-76,0.000000,7,8
1,18.000000,17.326000,0.478000,-75,0.000000,7,8
1,18.000000,17.250999,0.471000,-77,0.000000,7,8
1,18.000000,17.176001,0.549000,-75,0.000000,7,8
1,18.000000,17.120001,0.443000,-74,0.000000,7,8
1,18.000000,17.150999,0.507000,-76,0.000000,7,8
1,18.000000,17.275999,0.399000,-73,0.000000,7,8
1,18.000000,17.191999,0.515000,-73,0.000000,7,8
1,18.000000,17.080000,0.521000,-73,0.000000,7,8
1,18.000000,17.275999,0.403000,-76,0.000000,7,8
1,18.000000,17.179001,0.562000,-75,0.000000,7,8
1,18.000000,17.230000,0.494000,-75,0.000000,7,8
1,18.000000,17.382999,0.361000,-76,0.000000,7,8
1,18.000000,17.423000,0.348000,-74,0.000000,7,8
1,18.000000,17.372999,0.424000,-74,0.000000,7,8
1,18.000000,17.289000,0.511000,-72,0.000000,7,8
1,18.000000,17.114000,0.476000,-75,0.000000,7,8
1,18.000000,17.336000,0.469000,-74,0.000000,7,8
1,18.000000,17.344999,0.420000,-77,0.000000,7,8
1,18.000000,17.195000,0.512000,-73,0.000000,7,8
1,18.000000,17.389000,0.403000,-75,0.000000,7,8
1,18.000000,17.104000,0.592000,-73,0.000000,7,8
1,18.000000,17.414000,0.396000,-75,0.000000,7,8
1,18.000000,17.433001,0.328000,-75,0.000000,7,8
1,18.000000,17.267000,0.514000,-75,0.000000,7,8
1,18.000000,17.073000,0.564000,-74,0.000000,7,8
1,18.000000,17.395000,0.381000,-74,0.000000,7,8
1,18.000000,17.336000,0.417000,-74,0.000000,7,8
1,18.000000,17.313999,0.396000,-75,0.000000,7,8
1,18.000000,17.351000,0.427000,-74,0.000000,7,8
1,18.000000,17.186001,0.525000,-73,0.000000,7,8
1,18.000000,17.414000,0.438000,-74,0.000000,7,8
1,18.000000,17.355000,0.346000,-76,0.000000,7,8
1,18.000000,17.316999,0.384000,-75,0.000000,7,8
1,18.000000,17.076000,0.483000,-76,0.000000,7,8
1,18.000000,17.104000,0.465000,-75,0.000000,7,8
1,18.000000,17.104000,0.553000,-75,0.000000,7,8
1,18.000000,17.233000,0.494000,-73,0.000000,7,8
1,18.000000,17.355000,0.349000,-76,0.000000,7,8
1,18.000000,16.995001,0.604000,-74,0.000000,7,8
1,18.000000,17.267000,0.495000,-73,0.000000,7,8
1,18.000000,17.063999,0.600000,-74,0.000000,7,8
1,18.000000,17.139000,0.526000,-74,0.000000,7,8
1,18.000000,17.451000,0.376000,-75,0.000000,7,8
1,18.000000,17.158001,0.469000,-73,0.000000,7,8
1,18.000000,17.158001,0.519000,-73,0.000000,7,8
1,18.000000,17.025999,0.645000,-74,0.000000,7,8
1,18.000000,16.951000,0.742000,-74,0.000000,7,8
1,18.000000,17.104000,0.570000,-73,0.000000,7,8
1,18.000000,17.339001,0.495000,-74,0.000000,7,8
1,18.000000,17.028999,0.640000,-73,0.000000,7,8
1,18.000000,17.298000,0.480000,-75,0.000000,7,8
1,18.000000,17.104000,0.558000,-74,0.000000,7,8
1,18.000000,17.108000,0.549000,-73,0.000000,7,8
1,18.000000,17.275999,0.425000,-73,0.000000,7,8
1,18.000000,17.298000,0.454000,-73,0.000000,7,8
1,18.000000,17.261000,0.500000,-74,0.000000,7,8
1,18.000000,17.142000,0.548000,-75,0.000000,7,8
1,18.000000,17.183001,0.556000,-75,0.000000,7,8
1,18.000000,17.216999,0.536000,-75,0.000000,7,8
1,18.000000,17.389000,0.339000,-75,0.000000,7,8
1,18.000000,17.355000,0.359000,-74,0.000000,7,8
1,18.000000,17.395000,0.379000,-74,0.000000,7,8
1,18.000000,17.257999,0.513000,-74,0.000000,7,8
1,18.000000,17.423000,0.357000,-74,0.000000,7,8
1,18.000000,17.028999,0.618000,-73,0.000000,7,8
1,18.000000,17.076000,0.583000,-74,0.000000,7,8
1,18.000000,17.195000,0.513000,-72,0.000000,7,8
1,18.000000,17.117001,0.549000,-73,0.000000,7,8
1,18.000000,17.372999,0.457000,-73,0.000000,7,8
1,18.000000,17.028999,0.628000,-72,0.000000,7,8
1,18.000000,17.257999,0.512000,-73,0.000000,7,8
1,18.000000,17.344999,0.439000,-73,0.000000,7,8
1,18.000000,17.386000,0.439000,-73,0.000000,7,8
1,18.000000,17.139000,0.618000,-72,0.000000,7,8
1,18.000000,17.176001,0.549000,-72,0.000000,7,8
1,18.000000,17.139000,0.556000,-73,0.000000,7,8
1,18.000000,17.076000,0.526000,-74,0.000000,7,8
1,18.000000,16.995001,0.633000,-75,0.000000,7,8
1,18.000000,17.267000,0.405000,-75,0.000000,7,8
1,18.000000,17.289000,0.539000,-74,0.000000,7,8
1,18.000000,17.289000,0.518000,-74,0.000000,7,8
1,18.000000,17.355000,0.409000,-74,0.000000,7,8
1,18.000000,17.150999,0.565000,-73,0.000000,7,8
1,18.000000,17.150999,0.576000,-74,0.000000,7,8
1,18.000000,17.073000,0.599000,-74,0.000000,7,8
1,18.000000,17.108000,0.569000,-75,0.000000,7,8
1,18.000000,17.101000,0.618000,-76,0.000000,7,8
1,18.000000,17.250999,0.472000,-75,0.000000,7,8
1,18.000000,16.992001,0.624000,-76,0.000000,7,8
1,18.000000,17.313999,0.448000,-75,0.000000,7,8
1,18.000000,17.195000,0.487000,-75,0.000000,7,8
1,18.000000,17.108000,0.568000,-75,0.000000,7,8
1,18.000000,17.372999,0.441000,-74,0.000000,7,8
1,18.000000,17.389000,0.427000,-74,0.000000,7,8
1,18.000000,17.145000,0.607000,-74,0.000000,7,8
1,18.000000,17.108000,0.591000,-75,0.000000,7,8
1,18.000000,17.355000,0.363000,-75,0.000000,7,8
1,18.000000,17.176001,0.604000,-74,0.000000,7,8
1,18.000000,17.035999,0.642000,-74,0.000000,7,8
1,18.000000,17.464001,0.338000,-76,0.000000,7,8
1,18.000000,17.329000,0.459000,-78,0.000000,7,8
1,18.000000,17.250999,0.518000,-77,0.000000,7,8
1,18.000000,17.267000,0.434000,-78,0.000000,7,8
1,18.000000,17.275999,0.446000,-77,0.000000,7,8
1,18.000000,17.250999,0.496000,-77,0.000000,7,8
1,18.000000,16.917000,0.598000,-78,0.000000,7,8
1,18.000000,17.289000,0.514000,-78,0.000000,7,8
1,18.000000,17.176001,0.583000,-77,0.000000,7,8
1,18.000000,17.348000,0.358000,-78,0.000000,7,8
1,18.000000,17.150999,0.521000,-78,0.000000,7,8
1,18.000000,17.392000,0.328000,-78,0.000000,7,8
1,18.000000,17.305000,0.411000,-78,0.000000,7,8
1,18.000000,17.382999,0.404000,-78,0.000000,7,8
1,18.000000,17.226000,0.502000,-78,0.000000,7,8
1,18.000000,17.120001,0.504000,-80,0.000000,7,8
1,18.000000,17.351000,0.341000,-76,0.000000,7,8
1,18.000000,17.076000,0.563000,-78,0.000000,7,8
1,18.000000,17.257999,0.460000,-76,0.000000,7,8
1,18.000000,17.469999,0.367000,-75,0.000000,7,8
1,18.000000,17.216999,0.542000,-77,0.000000,7,8
1,18.000000,17.150999,0.472000,-76,0.000000,7,8
1,18.000000,17.214001,0.532000,-75,0.000000,7,8
1,18.000000,17.195000,0.494000,-74,0.000000,7,8
1,18.000000,17.108000,0.610000,-74,0.000000,7,8
1,18.000000,17.313999,0.394000,-75,0.000000,7,8
1,18.000000,17.355000,0.332000,-75,0.000000,7,8
1,18.000000,17.267000,0.394000,-75,0.000000,7,8
1,18.000000,17.070000,0.568000,-74,0.000000,7,8
1,18.000000,17.108000,0.547000,-73,0.000000,7,8
1,18.000000,17.179001,0.580000,-73,0.000000,7,8
1,18.000000,17.233000,0.494000,-73,0.000000,7,8
1,18.000000,17.355000,0.363000,-74,0.000000,7,8
1,18.000000,17.070000,0.605000,-73,0.000000,7,8
1,18.000000,17.386000,0.439000,-73,0.000000,7,8
1,18.000000,17.336000,0.459000,-73,0.000000,7,8
1,18.000000,17.214001,0.551000,-74,0.000000,7,8
1,18.000000,17.250999,0.554000,-74,0.000000,7,8
1,18.000000,17.336000,0.475000,-74,0.000000,7,8
1,18.000000,17.104000,0.625000,-74,0.000000,7,8
1,18.000000,17.139000,0.593000,-74,0.000000,7,8
1,18.000000,17.114000,0.597000,-75,0.000000,7,8
1,18.000000,17.316999,0.420000,-75,0.000000,7,8
1,18.000000,17.275999,0.445000,-75,0.000000,7,8
1,18.000000,17.273001,0.449000,-75,0.000000,7,8
1,18.000000,17.372999,0.433000,-75,0.000000,7,8
1,18.000000,17.298000,0.480000,-75,0.000000,7,8
1,18.000000,17.070000,0.662000,-75,0.000000,7,8
1,18.000000,17.414000,0.415000,-75,0.000000,7,8
1,18.000000,17.155001,0.543000,-75,0.000000,7,8
1,18.000000,17.076000,0.604000,-74,0.000000,7,8
1,18.000000,16.995001,0.635000,-75,0.000000,7,8
1,18.000000,17.275999,0.473000,-75,0.000000,7,8
1,18.000000,17.423000,0.393000,-74,0.000000,7,8
1,18.000000,17.423000,0.405000,-75,0.000000,7,8
1,18.000000,17.336000,0.442000,-74,0.000000,7,8
1,18.000000,17.395000,0.379000,-74,0.000000,7,8
1,18.000000,17.298000,0.480000,-74,0.000000,7,8
1,18.000000,17.076000,0.580000,-75,0.000000,7,8
1,18.000000,17.117001,0.585000,-75,0.000000,7,8
1,18.000000,17.114000,0.597000,-75,0.000000,7,8
1,18.000000,17.033001,0.670000,-75,0.000000,7,8
1,18.000000,17.236000,0.514000,-75,0.000000,7,8
1,18.000000,17.069000,0.634000,-75,0.000000,7,8
1,18.000000,17.395000,0.399000,-75,0.000000,7,8
1,18.000000,17.214001,0.525000,-75,0.000000,7,8
1,18.000000,17.364000,0.475000,-75,0.000000,7,8
1,18.000000,17.236000,0.488000,-75,0.000000,7,8
1,18.000000,17.313999,0.432000,-74,0.000000,7,8
1,18.000000,17.250999,0.521000,-74,0.000000,7,8
1,18.000000,17.382999,0.372000,-75,0.000000,7,8
1,18.000000,17.226000,0.587000,-74,0.000000,7,8
1,18.000000,17.316999,0.416000,-75,0.000000,7,8
1,18.000000,17.111000,0.558000,-74,0.000000,7,8
1,18.000000,17.423000,0.379000,-74,0.000000,7,8
1,18.000000,17.351000,0.420000,-73,0.000000,7,8
1,18.000000,17.372999,0.453000,-72,0.000000,7,8
1,18.000000,17.273001,0.532000,-76,0.000000,7,8
1,18.000000,17.275999,0.396000,-74,0.000000,7,8
1,18.000000,17.028999,0.661000,-74,0.000000,7,8
1,18.000000,17.028999,0.637000,-72,0.000000,7,8
1,18.000000,17.273001,0.511000,-72,0.000000,7,8
1,18.000000,17.195000,0.519000,-72,0.000000,7,8
1,18.000000,17.250999,0.537000,-73,0.000000,7,8
1,18.000000,17.214001,0.572000,-73,0.000000,7,8
1,18.000000,17.289000,0.545000,-73,0.000000,7,8
1,18.000000,17.423000,0.420000,-73,0.000000,7,8
1,18.000000,17.214001,0.585000,-73,0.000000,7,8
1,18.000000,17.313999,0.494000,-74,0.000000,7,8
1,18.000000,17.423000,0.382000,-74,0.000000,7,8
1,18.000000,17.150999,0.590000,-74,0.000000,7,8
1,18.000000,17.214001,0.514000,-75,0.000000,7,8
1,18.000000,17.355000,0.373000,-75,0.000000,7,8
1,18.000000,17.063999,0.628000,-75,0.000000,7,8
1,18.000000,17.214001,0.492000,-75,0.000000,7,8
1,18.000000,17.311001,0.424000,-75,0.000000,7,8
1,18.000000,17.254000,0.524000,-75,0.000000,7,8
1,18.000000,17.313999,0.399000,-75,0.000000,7,8
1,18.000000,17.336000,0.399000,-74,0.000000,7,8
1,18.000000,17.188999,0.505000,-74,0.000000,7,8
1,18.000000,17.313999,0.370000,-73,0.000000,7,8
1,18.000000,17.289000,0.475000,-74,0.000000,7,8
1,18.000000,17.326000,0.426000,-74,0.000000,7,8
1,18.000000,17.257999,0.435000,-74,0.000000,7,8
1,18.000000,17.101000,0.588000,-74,0.000000,7,8
1,18.000000,17.433001,0.360000,-74,0.000000,7,8
1,18.000000,17.423000,0.357000,-74,0.000000,7,8
1,18.000000,17.114000,0.554000,-74,0.000000,7,8
1,18.000000,17.150999,0.568000,-73,0.000000,7,8
1,18.000000,17.150999,0.531000,-73,0.000000,7,8
1,18.000000,17.414000,0.410000,-73,0.000000,7,8
1,18.000000,17.233000,0.503000,-73,0.000000,7,8
1,18.000000,17.344999,0.380000,-74,0.000000,7,8
1,18.000000,17.395000,0.378000,-74,0.000000,7,8
1,18.000000,17.188999,0.525000,-74,0.000000,7,8
1,18.000000,17.250999,0.505000,-75,0.000000,7,8
1,18.000000,17.073000,0.621000,-75,0.000000,7,8
1,18.000000,17.336000,0.459000,-75,0.000000,7,8
1,18.000000,17.313999,0.501000,-75,0.000000,7,8
1,18.000000,17.142000,0.566000,-75,0.000000,7,8
1,18.000000,17.316999,0.432000,-74,0.000000,7,8
1,18.000000,17.275999,0.426000,-74,0.000000,7,8
1,18.000000,17.176001,0.573000,-74,0.000000,7,8
1,18.000000,17.275999,0.480000,-73,0.000000,7,8
1,18.000000,17.214001,0.553000,-74,0.000000,7,8
1,18.000000,17.323000,0.458000,-73,0.000000,7,8
1,18.000000,17.033001,0.646000,-73,0.000000,7,8
1,18.000000,17.176001,0.594000,-73,0.000000,7,8
1,18.000000,17.158001,0.534000,-73,0.000000,7,8
1,18.000000,17.039000,0.652000,-73,0.000000,7,8
1,18.000000,17.155001,0.553000,-73,0.000000,7,8
1,18.000000,17.076000,0.606000,-73,0.000000,7,8
1,18.000000,17.158001,0.557000,-73,0.000000,7,8
1,18.000000,17.063999,0.628000,-73,0.000000,7,8
1,18.000000,17.066999,0.657000,-74,0.000000,7,8
1,18.000000,17.267000,0.471000,-74,0.000000,7,8
1,18.000000,17.176001,0.510000,-74,0.000000,7,8
1,18.000000,17.211000,0.527000,-74,0.000000,7,8
1,18.000000,16.992001,0.658000,-74,0.000000,7,8
1,18.000000,17.250999,0.487000,-74,0.000000,7,8
1,18.000000,17.247999,0.505000,-74,0.000000,7,8
1,18.000000,17.214001,0.514000,-74,0.000000,7,8
1,18.000000,16.995001,0.642000,-74,0.000000,7,8
1,18.000000,17.250999,0.491000,-74,0.000000,7,8
1,18.000000,16.995001,0.668000,-74,0.000000,7,8
1,18.000000,17.285999,0.456000,-74,0.000000,7,8
1,18.000000,17.028999,0.640000,-73,0.000000,7,8
1,18.000000,17.250999,0.508000,-74,0.000000,7,8
1,18.000000,17.033001,0.658000,-73,0.000000,7,8
1,18.000000,17.214001,0.545000,-74,0.000000,7,8
1,18.000000,17.033001,0.659000,-73,0.000000,7,8
1,18.000000,17.101000,0.586000,-73,0.000000,7,8
1,18.000000,17.267000,0.463000,-73,0.000000,7,8
1,18.000000,17.066999,0.634000,-73,0.000000,7,8
1,18.000000,17.344999,0.428000,-73,0.000000,7,8
1,18.000000,17.233000,0.494000,-73,0.000000,7,8
1,18.000000,17.433001,0.416000,-74,0.000000,7,8
1,18.000000,17.355000,0.435000,-73,0.000000,7,8
1,18.000000,17.150999,0.553000,-74,0.000000,7,8
1,18.000000,17.108000,0.591000,-74,0.000000,7,8
1,18.000000,17.355000,0.417000,-74,0.000000,7,8
1,18.000000,17.313999,0.447000,-74,0.000000,7,8
1,18.000000,17.344999,0.408000,-74,0.000000,7,8
1,18.000000,17.214001,0.520000,-74,0.000000,7,8
1,18.000000,17.267000,0.405000,-74,0.000000,7,8
1,18.000000,17.176001,0.537000,-74,0.000000,7,8
1,18.000000,17.233000,0.484000,-74,0.000000,7,8
1,18.000000,17.316999,0.424000,-74,0.000000,7,8
1,18.000000,17.344999,0.381000,-74,0.000000,7,8
1,18.000000,17.114000,0.549000,-74,0.000000,7,8
1,18.000000,17.308001,0.403000,-74,0.000000,7,8
1,18.000000,17.289000,0.476000,-74,0.000000,7,8
1,18.000000,17.326000,0.452000,-74,0.000000,7,8
1,18.000000,17.070000,0.605000,-74,0.000000,7,8
1,18.000000,17.028999,0.628000,-74,0.000000,7,8
1,18.000000,17.033001,0.613000,-74,0.000000,7,8
1,18.000000,17.285999,0.470000,-74,0.000000,7,8
1,18.000000,17.114000,0.565000,-74,0.000000,7,8
1,18.000000,17.070000,0.640000,-74,0.000000,7,8
1,18.000000,17.035999,0.644000,-74,0.000000,7,8
1,18.000000,16.917000,0.694000,-74,0.000000,7,8
1,18.000000,17.139000,0.559000,-74,0.000000,7,8
1,18.000000,16.995001,0.619000,-74,0.000000,7,8
1,18.000000,17.188999,0.502000,-74,0.000000,7,8
1,18.000000,17.275999,0.426000,-74,0.000000,7,8
1,18.000000,17.098000,0.577000,-74,0.000000,7,8
1,18.000000,17.219999,0.508000,-74,0.000000,7,8
1,18.000000,17.033001,0.613000,-74,0.000000,7,8
1,18.000000,17.028999,0.628000,-74,0.000000,7,8
1,18.000000,17.375999,0.462000,-74,0.000000,7,8
1,18.000000,17.101000,0.624000,-74,0.000000,7,8
1,18.000000,17.063999,0.617000,-74,0.000000,7,8
1,18.000000,17.139000,0.620000,-75,0.000000,7,8
1,18.000000,17.155001,0.530000,-74,0.000000,7,8
1,18.000000,17.275999,0.444000,-74,0.000000,7,8
1,18.000000,17.076000,0.603000,-74,0.000000,7,8
1,18.000000,17.295000,0.454000,-74,0.000000,7,8
1,18.000000,16.992001,0.668000,-74,0.000000,7,8
1,18.000000,17.063999,0.587000,-74,0.000000,7,8
1,18.000000,17.155001,0.523000,-74,0.000000,7,8
1,18.000000,17.150999,0.579000,-74,0.000000,7,8
1,18.000000,17.063999,0.651000,-74,0.000000,7,8
1,18.000000,16.997999,0.664000,-74,0.000000,7,8
1,18.000000,17.139000,0.571000,-74,0.000000,7,8
1,18.000000,17.316999,0.428000,-74,0.000000,7,8
1,18.000000,17.063999,0.642000,-74,0.000000,7,8
1,18.000000,17.316999,0.420000,-74,0.000000,7,8
1,18.000000,17.195000,0.534000,-75,0.000000,7,8
1,18.000000,17.101000,0.589000,-74,0.000000,7,8
1,18.000000,17.028999,0.628000,-74,0.000000,7,8
1,18.000000,17.308001,0.427000,-74,0.000000,7,8
1,18.000000,17.104000,0.596000,-74,0.000000,7,8
1,18.000000,17.267000,0.448000,-74,0.000000,7,8
1,18.000000,17.195000,0.523000,-74,0.000000,7,8
1,18.000000,17.155001,0.543000,-74,0.000000,7,8
1,18.000000,17.117001,0.492000,-74,0.000000,7,8
1,18.000000,17.344999,0.419000,-74,0.000000,7,8
1,18.000000,16.958000,0.657000,-74,0.000000,7,8
1,18.000000,17.414000,0.427000,-74,0.000000,7,8
1,18.000000,17.298000,0.448000,-73,0.000000,7,8
1,18.000000,17.355000,0.359000,-74,0.000000,7,8
1,18.000000,17.375999,0.433000,-73,0.000000,7,8
1,18.000000,16.995001,0.635000,-74,0.000000,7,8
1,18.000000,17.236000,0.480000,-74,0.000000,7,8
1,18.000000,17.150999,0.590000,-74,0.000000,7,8
1,18.000000,17.139000,0.586000,-74,0.000000,7,8
1,18.000000,17.355000,0.442000,-73,0.000000,7,8
1,18.000000,17.150999,0.582000,-74,0.000000,7,8
1,18.000000,17.313999,0.471000,-74,0.000000,7,8
1,18.000000,17.155001,0.610000,-73,0.000000,7,8
1,18.000000,17.250999,0.508000,-74,0.000000,7,8
1,18.000000,17.250999,0.518000,-74,0.000000,7,8
1,18.000000,17.414000,0.427000,-73,0.000000,7,8
1,18.000000,16.995001,0.657000,-73,0.000000,7,8
1,18.000000,17.344999,0.439000,-74,0.000000,7,8
1,18.000000,17.114000,0.585000,-74,0.000000,7,8
1,18.000000,17.035999,0.654000,-73,0.000000,7,8
1,18.000000,17.313999,0.428000,-74,0.000000,7,8
1,18.000000,17.214001,0.544000,-74,0.000000,7,8
1,18.000000,17.372999,0.419000,-74,0.000000,7,8
1,18.000000,17.298000,0.457000,-73,0.000000,7,8
1,18.000000,17.139000,0.593000,-74,0.000000,7,8
1,18.000000,17.304001,0.420000,-74,0.000000,7,8
1,18.000000,16.995001,0.683000,-74,0.000000,7,8
1,18.000000,17.028999,0.654000,-74,0.000000,7,8
1,18.000000,17.111000,0.608000,-74,0.000000,7,8
1,18.000000,17.104000,0.614000,-74,0.000000,7,8
1,18.000000,17.236000,0.480000,-74,0.000000,7,8
1,18.000000,17.101000,0.588000,-74,0.000000,7,8
1,18.000000,17.236000,0.514000,-74,0.000000,7,8
1,18.000000,17.355000,0.360000,-74,0.000000,7,8
1,18.000000,17.173000,0.536000,-73,0.000000,7,8
1,18.000000,17.339001,0.475000,-73,0.000000,7,8
1,18.000000,17.313999,0.490000,-74,0.000000,7,8
1,18.000000,17.250999,0.535000,-72,0.000000,7,8
1,18.000000,17.273001,0.487000,-74,0.000000,7,8
1,18.000000,17.289000,0.469000,-74,0.000000,7,8
1,18.000000,17.066999,0.634000,-73,0.000000,7,8
1,18.000000,17.236000,0.498000,-73,0.000000,7,8
1,18.000000,17.076000,0.603000,-73,0.000000,7,8
1,18.000000,17.372999,0.457000,-73,0.000000,7,8
1,18.000000,17.117001,0.619000,-73,0.000000,7,8
1,18.000000,17.150999,0.626000,-73,0.000000,7,8
1,18.000000,17.298000,0.495000,-74,0.000000,7,8
1,18.000000,17.236000,0.510000,-74,0.000000,7,8
1,18.000000,17.392000,0.388000,-74,0.000000,7,8
1,18.000000,17.275999,0.452000,-74,0.000000,7,8
1,18.000000,17.150999,0.553000,-73,0.000000,7,8
1,18.000000,17.273001,0.523000,-74,0.000000,7,8
1,18.000000,17.355000,0.455000,-74,0.000000,7,8
1,18.000000,17.285999,0.487000,-74,0.000000,7,8
1,18.000000,17.155001,0.598000,-74,0.000000,7,8
1,18.000000,17.414000,0.410000,-75,0.000000,7,8
1,18.000000,17.339001,0.475000,-74,0.000000,7,8
1,18.000000,17.063999,0.657000,-74,0.000000,7,8
1,18.000000,17.076000,0.637000,-74,0.000000,7,8
1,18.000000,17.289000,0.476000,-74,0.000000,7,8
1,18.000000,17.073000,0.595000,-74,0.000000,7,8
1,18.000000,17.142000,0.577000,-74,0.000000,7,8
1,18.000000,17.158001,0.572000,-74,0.000000,7,8
1,18.000000,17.076000,0.647000,-74,0.000000,7,8
1,18.000000,17.316999,0.407000,-73,0.000000,7,8
1,18.000000,17.364000,0.448000,-74,0.000000,7,8
1,18.000000,17.191999,0.566000,-74,0.000000,7,8
1,18.000000,17.108000,0.642000,-73,0.000000,7,8
1,18.000000,17.179001,0.596000,-74,0.000000,7,8
1,18.000000,17.158001,0.593000,-73,0.000000,7,8
1,18.000000,17.250999,0.535000,-74,0.000000,7,8
1,18.000000,17.395000,0.416000,-74,0.000000,7,8
1,18.000000,17.372999,0.428000,-74,0.000000,7,8
1,18.000000,17.066999,0.647000,-74,0.000000,7,8
1,18.000000,17.076000,0.656000,-74,0.000000,7,8
1,18.000000,17.236000,0.498000,-73,0.000000,7,8
1,18.000000,17.344999,0.419000,-74,0.000000,7,8
1,18.000000,16.995001,0.677000,-74,0.000000,7,8
1,18.000000,17.250999,0.504000,-74,0.000000,7,8
1,18.000000,17.295000,0.434000,-74,0.000000,7,8
1,18.000000,17.313999,0.463000,-74,0.000000,7,8
1,18.000000,17.395000,0.374000,-74,0.000000,7,8
1,18.000000,17.117001,0.570000,-74,0.000000,7,8
1,18.000000,17.326000,0.456000,-74,0.000000,7,8
1,18.000000,17.344999,0.449000,-74,0.000000,7,8
1,18.000000,17.316999,0.423000,-74,0.000000,7,8
1,18.000000,17.386000,0.455000,-74,0.000000,7,8
1,18.000000,17.033001,0.658000,-74,0.000000,7,8
1,18.000000,17.344999,0.420000,-74,0.000000,7,8
1,18.000000,17.142000,0.589000,-74,0.000000,7,8
1,18.000000,17.073000,0.651000,-74,0.000000,7,8
1,18.000000,17.236000,0.499000,-74,0.000000,7,8
1,18.000000,17.150999,0.600000,-74,0.000000,7,8
1,18.000000,17.451000,0.404000,-73,0.000000,7,8
1,18.000000,17.392000,0.425000,-73,0.000000,7,8
1,18.000000,17.344999,0.399000,-74,0.000000,7,8
1,18.000000,17.139000,0.612000,-74,0.000000,7,8
1,18.000000,17.339001,0.463000,-74,0.000000,7,8
1,18.000000,17.313999,0.440000,-73,0.000000,7,8
1,18.000000,17.233000,0.510000,-73,0.000000,7,8
1,18.000000,17.066999,0.631000,-73,0.000000,7,8
1,18.000000,17.250999,0.567000,-73,0.000000,7,8
1,18.000000,17.355000,0.460000,-73,0.000000,7,8
1,18.000000,17.386000,0.418000,-73,0.000000,7,8
1,18.000000,17.275999,0.481000,-73,0.000000,7,8
1,18.000000,17.108000,0.589000,-73,0.000000,7,8
1,18.000000,17.101000,0.624000,-73,0.000000,7,8
1,18.000000,17.155001,0.564000,-73,0.000000,7,8
1,18.000000,17.355000,0.434000,-73,0.000000,7,8
1,18.000000,17.313999,0.448000,-73,0.000000,7,8
1,18.000000,17.188999,0.574000,-74,0.000000,7,8
1,18.000000,17.158001,0.553000,-73,0.000000,7,8
1,18.000000,17.308001,0.443000,-73,0.000000,7,8
1,18.000000,17.289000,0.534000,-74,0.000000,7,8
1,18.000000,17.289000,0.486000,-74,0.000000,7,8
1,18.000000,17.233000,0.522000,-74,0.000000,7,8
1,18.000000,17.066999,0.644000,-74,0.000000,7,8
1,18.000000,17.313999,0.446000,-74,0.000000,7,8
1,18.000000,17.117001,0.538000,-74,0.000000,7,8
1,18.000000,17.104000,0.629000,-74,0.000000,7,8
1,18.000000,17.355000,0.389000,-74,0.000000,7,8
1,18.000000,17.114000,0.570000,-74,0.000000,7,8
1,18.000000,17.372999,0.445000,-74,0.000000,7,8
1,18.000000,17.158001,0.535000,-74,0.000000,7,8
1,18.000000,17.114000,0.602000,-74,0.000000,7,8
1,18.000000,17.355000,0.388000,-74,0.000000,7,8
1,18.000000,17.039000,0.619000,-74,0.000000,7,8
1,18.000000,17.104000,0.617000,-74,0.000000,7,8
1,18.000000,17.214001,0.525000,-74,0.000000,7,8
1,18.000000,17.073000,0.598000,-74,0.000000,7,8
1,18.000000,17.139000,0.588000,-74,0.000000,7,8
1,18.000000,17.028999,0.654000,-74,0.000000,7,8
1,18.000000,17.267000,0.485000,-74,0.000000,7,8
1,18.000000,17.073000,0.607000,-74,0.000000,7,8
1,18.000000,17.233000,0.562000,-74,0.000000,7,8
1,18.000000,17.158001,0.534000,-74,0.000000,7,8
1,18.000000,17.289000,0.486000,-75,0.000000,7,8
1,18.000000,17.153999,0.591000,-74,0.000000,7,8
1,18.000000,17.275999,0.453000,-74,0.000000,7,8
1,18.000000,17.313999,0.432000,-74,0.000000,7,8
1,18.000000,17.214001,0.538000,-74,0.000000,7,8
1,18.000000,17.076000,0.630000,-74,0.000000,7,8
1,18.000000,17.336000,0.450000,-74,0.000000,7,8
1,18.000000,17.236000,0.472000,-74,0.000000,7,8
1,18.000000,17.142000,0.598000,-74,0.000000,7,8
1,18.000000,17.233000,0.522000,-74,0.000000,7,8
1,18.000000,17.108000,0.591000,-74,0.000000,7,8
1,18.000000,17.372999,0.433000,-74,0.000000,7,8
1,18.000000,17.114000,0.594000,-74,0.000000,7,8
1,18.000000,17.304001,0.408000,-74,0.000000,7,8
1,18.000000,17.063999,0.606000,-74,0.000000,7,8
1,18.000000,17.233000,0.545000,-74,0.000000,7,8
1,18.000000,17.275999,0.498000,-74,0.000000,7,8
1,18.000000,17.239000,0.448000,-74,0.000000,7,8
1,18.000000,17.233000,0.519000,-74,0.000000,7,8
1,18.000000,17.076000,0.656000,-74,0.000000,7,8
1,18.000000,17.158001,0.558000,-73,0.000000,7,8
1,18.000000,17.139000,0.612000,-74,0.000000,7,8
1,18.000000,17.336000,0.459000,-74,0.000000,7,8
1,18.000000,17.267000,0.448000,-74,0.000000,7,8
1,18.000000,17.250999,0.523000,-73,0.000000,7,8
1,18.000000,17.142000,0.592000,-74,0.000000,7,8
1,18.000000,17.311001,0.509000,-74,0.000000,7,8
1,18.000000,17.150999,0.589000,-74,0.000000,7,8
1,18.000000,17.250999,0.473000,-75,0.000000,7,8
1,18.000000,17.295000,0.421000,-75,0.000000,7,8
1,18.000000,17.295000,0.458000,-73,0.000000,7,8
1,18.000000,17.247999,0.493000,-74,0.000000,7,8
1,18.000000,17.028999,0.627000,-73,0.000000,7,8
1,18.000000,17.233000,0.463000,-73,0.000000,7,8
1,18.000000,17.395000,0.390000,-73,0.000000,7,8
1,18.000000,17.451000,0.376000,-74,0.000000,7,8
1,18.000000,17.275999,0.442000,-73,0.000000,7,8
1,18.000000,17.101000,0.635000,-73,0.000000,7,8
1,18.000000,17.076000,0.638000,-73,0.000000,7,8
1,18.000000,17.208000,0.521000,-73,0.000000,7,8
1,18.000000,17.076000,0.644000,-73,0.000000,7,8
1,18.000000,17.275999,0.461000,-73,0.000000,7,8
1,18.000000,17.267000,0.463000,-73,0.000000,7,8
1,18.000000,17.076000,0.624000,-73,0.000000,7,8
1,18.000000,17.236000,0.539000,-73,0.000000,7,8
1,18.000000,17.311001,0.493000,-72,0.000000,7,8
1,18.000000,17.355000,0.471000,-72,0.000000,7,8
1,18.000000,17.423000,0.420000,-73,0.000000,7,8
1,18.000000,17.326000,0.520000,-73,0.000000,7,8
1,18.000000,17.150999,0.541000,-74,0.000000,7,8
1,18.000000,17.275999,0.456000,-73,0.000000,7,8
1,18.000000,17.108000,0.603000,-73,0.000000,7,8
1,18.000000,17.148001,0.598000,-73,0.000000,7,8
1,18.000000,17.191999,0.560000,-73,0.000000,7,8
1,18.000000,17.150999,0.612000,-73,0.000000,7,8
1,18.000000,17.372999,0.441000,-73,0.000000,7,8
1,18.000000,17.355000,0.458000,-74,0.000000,7,8
1,18.000000,17.155001,0.543000,-74,0.000000,7,8
1,18.000000,17.108000,0.612000,-73,0.000000,7,8
1,18.000000,17.108000,0.623000,-73,0.000000,7,8
1,18.000000,17.344999,0.439000,-73,0.000000,7,8
1,18.000000,17.423000,0.388000,-73,0.000000,7,8
1,18.000000,17.355000,0.417000,-73,0.000000,7,8
1,18.000000,17.275999,0.476000,-73,0.000000,7,8
1,18.000000,17.254000,0.527000,-73,0.000000,7,8
1,18.000000,17.289000,0.527000,-73,0.000000,7,8
1,18.000000,17.313999,0.440000,-73,0.000000,7,8
1,18.000000,17.236000,0.542000,-73,0.000000,7,8
1,18.000000,17.289000,0.489000,-73,0.000000,7,8
1,18.000000,17.073000,0.640000,-74,0.000000,7,8
1,18.000000,17.104000,0.627000,-74,0.000000,7,8
1,18.000000,17.063999,0.642000,-73,0.000000,7,8
1,18.000000,17.326000,0.438000,-73,0.000000,7,8
1,18.000000,17.028999,0.614000,-74,0.000000,7,8
1,18.000000,17.214001,0.553000,-74,0.000000,7,8
1,18.000000,17.316999,0.408000,-74,0.000000,7,8
1,18.000000,17.104000,0.596000,-74,0.000000,7,8
1,18.000000,17.344999,0.420000,-75,0.000000,7,8
1,18.000000,17.289000,0.468000,-75,0.000000,7,8
1,18.000000,17.108000,0.603000,-72,0.000000,7,8
1,18.000000,17.316999,0.425000,-74,0.000000,7,8
1,18.000000,17.226000,0.555000,-75,0.000000,7,8
1,18.000000,17.311001,0.427000,-75,0.000000,7,8
1,18.000000,17.295000,0.454000,-75,0.000000,7,8
1,18.000000,17.414000,0.410000,-75,0.000000,7,8
1,18.000000,17.226000,0.506000,-74,0.000000,7,8
1,18.000000,17.233000,0.509000,-74,0.000000,7,8
1,18.000000,17.292000,0.496000,-74,0.000000,7,8
1,18.000000,17.158001,0.505000,-76,0.000000,7,8
1,18.000000,17.298000,0.479000,-76,0.000000,7,8
1,18.000000,17.316999,0.477000,-76,0.000000,7,8
1,18.000000,17.313999,0.370000,-75,0.000000,7,8
1,18.000000,17.176001,0.585000,-75,0.000000,7,8
1,18.000000,17.254000,0.524000,-76,0.000000,7,8
1,18.000000,17.270000,0.490000,-77,0.000000,7,8
1,18.000000,17.395000,0.360000,-76,0.000000,7,8
1,18.000000,17.275999,0.415000,-76,0.000000,7,8
1,18.000000,17.142000,0.545000,-75,0.000000,7,8
1,18.000000,17.367001,0.453000,-75,0.000000,7,8
1,18.000000,17.289000,0.501000,-77,0.000000,7,8
1,18.000000,17.351000,0.495000,-77,0.000000,7,8
1,18.000000,17.183001,0.579000,-75,0.000000,7,8
1,18.000000,17.289000,0.513000,-75,0.000000,7,8
1,18.000000,17.430000,0.398000,-74,0.000000,7,8
1,18.000000,17.511000,0.354000,-74,0.000000,7,8
1,18.000000,17.445000,0.413000,-74,0.000000,7,8
1,18.000000,17.451000,0.407000,-75,0.000000,7,8
1,18.000000,17.301001,0.521000,-75,0.000000,7,8
1,18.000000,17.355000,0.388000,-76,0.000000,7,8
1,18.000000,17.267000,0.393000,-76,0.000000,7,8
1,18.000000,17.153999,0.483000,-77,0.000000,7,8
1,18.000000,17.344999,0.420000,-77,0.000000,7,8
1,18.000000,17.145000,0.584000,-77,0.000000,7,8
1,18.000000,17.372999,0.441000,-76,0.000000,7,8
1,18.000000,17.033001,0.531000,-77,0.000000,7,8
1,18.000000,17.295000,0.443000,-76,0.000000,7,8
1,18.000000,17.070000,0.660000,-74,0.000000,7,8
1,18.000000,17.414000,0.440000,-73,0.000000,7,8
1,18.000000,17.247999,0.519000,-72,0.000000,7,8
1,18.000000,17.033001,0.616000,-73,0.000000,7,8
1,18.000000,17.028999,0.648000,-73,0.000000,7,8
1,18.000000,17.236000,0.474000,-72,0.000000,7,8
1,18.000000,17.158001,0.542000,-73,0.000000,7,8
1,18.000000,17.264000,0.497000,-72,0.000000,7,8
1,18.000000,17.150999,0.569000,-72,0.000000,7,8
1,18.000000,17.108000,0.562000,-71,0.000000,7,8
1,18.000000,17.195000,0.483000,-71,0.000000,7,8
1,18.000000,17.355000,0.370000,-71,0.000000,7,8
1,18.000000,17.355000,0.403000,-71,0.000000,7,8
1,18.000000,17.214001,0.547000,-72,0.000000,7,8
1,18.000000,17.214001,0.548000,-71,0.000000,7,8
1,18.000000,17.311001,0.427000,-72,0.000000,7,8
1,18.000000,17.076000,0.523000,-72,0.000000,7,8
1,18.000000,17.355000,0.419000,-72,0.000000,7,8
1,18.000000,17.372999,0.441000,-74,0.000000,7,8
1,18.000000,17.355000,0.405000,-74,0.000000,7,8
1,18.000000,17.326000,0.513000,-72,0.000000,7,8
1,18.000000,17.233000,0.467000,-72,0.000000,7,8
1,18.000000,17.355000,0.392000,-72,0.000000,7,8
1,18.000000,17.311001,0.467000,-72,0.000000,7,8
1,18.000000,17.150999,0.545000,-72,0.000000,7,8
1,18.000000,17.214001,0.572000,-71,0.000000,7,8
1,18.000000,17.423000,0.420000,-72,0.000000,7,8
1,18.000000,17.176001,0.620000,-72,0.000000,7,8
1,18.000000,17.313999,0.465000,-72,0.000000,7,8
1,18.000000,17.066999,0.645000,-73,0.000000,7,8
1,18.000000,17.355000,0.409000,-73,0.000000,7,8
1,18.000000,17.250999,0.521000,-72,0.000000,7,8
1,18.000000,17.076000,0.630000,-73,0.000000,7,8
1,18.000000,17.392000,0.393000,-72,0.000000,7,8
1,18.000000,17.316999,0.430000,-73,0.000000,7,8
1,18.000000,17.355000,0.423000,-73,0.000000,7,8
1,18.000000,17.025999,0.628000,-73,0.000000,7,8
1,18.000000,17.066999,0.604000,-72,0.000000,7,8
1,18.000000,17.289000,0.486000,-73,0.000000,7,8
1,18.000000,17.236000,0.484000,-72,0.000000,7,8
1,18.000000,17.073000,0.607000,-73,0.000000,7,8
1,18.000000,17.028999,0.654000,-73,0.000000,7,8
1,18.000000,17.250999,0.504000,-74,0.000000,7,8
1,18.000000,17.267000,0.475000,-73,0.000000,7,8
1,18.000000,17.250999,0.468000,-73,0.000000,7,8
1,18.000000,17.295000,0.468000,-74,0.000000,7,8
1,18.000000,16.995001,0.619000,-77,0.000000,7,8
1,18.000000,17.267000,0.490000,-73,0.000000,7,8
1,18.000000,17.061001,0.533000,-79,0.000000,7,8
1,18.000000,17.295000,0.329000,-74,0.000000,7,8
1,18.000000,16.879000,0.521000,-73,0.000000,7,8
1,18.000000,16.752001,0.684000,-75,0.000000,7,8
1,18.000000,16.926001,0.418000,-79,0.000000,7,8
1,18.000000,16.920000,0.331000,-70,0.000000,7,8
1,18.000000,17.267000,0.316000,-71,0.000000,7,8
1,18.000000,17.076000,0.591000,-76,0.000000,7,8
1,18.000000,16.997999,0.652000,-80,0.000000,7,8
1,18.000000,17.273001,0.542000,-77,0.000000,7,8
1,18.000000,17.289000,0.469000,-76,0.000000,7,8
1,18.000000,17.236000,0.418000,-75,0.000000,7,8
1,18.000000,17.311001,0.423000,-75,0.000000,7,8
1,18.000000,16.917000,0.674000,-74,0.000000,7,8
1,18.000000,17.344999,0.433000,-73,0.000000,7,8
1,18.000000,17.313999,0.428000,-73,0.000000,7,8
1,18.000000,17.028999,0.661000,-73,0.000000,7,8
1,18.000000,17.355000,0.378000,-73,0.000000,7,8
1,18.000000,17.316999,0.394000,-73,0.000000,7,8
1,18.000000,17.039000,0.589000,-74,0.000000,7,8
1,18.000000,17.076000,0.591000,-74,0.000000,7,8
1,18.000000,17.028999,0.654000,-75,0.000000,7,8
1,18.000000,17.073000,0.651000,-75,0.000000,7,8
1,18.000000,17.250999,0.464000,-75,0.000000,7,8
1,18.000000,17.214001,0.510000,-75,0.000000,7,8
1,18.000000,16.995001,0.628000,-75,0.000000,7,8
1,18.000000,17.076000,0.609000,-75,0.000000,7,8
1,18.000000,17.158001,0.477000,-75,0.000000,7,8
1,18.000000,16.997999,0.602000,-75,0.000000,7,8
1,18.000000,17.344999,0.416000,-75,0.000000,7,8
1,18.000000,17.250999,0.490000,-74,0.000000,7,8
1,18.000000,17.344999,0.400000,-74,0.000000,7,8
1,18.000000,17.313999,0.367000,-74,0.000000,7,8
1,18.000000,17.114000,0.571000,-74,0.000000,7,8
1,18.000000,17.289000,0.459000,-74,0.000000,7,8
1,18.000000,17.155001,0.446000,-74,0.000000,7,8
1,18.000000,17.214001,0.536000,-74,0.000000,7,8
1,18.000000,17.063999,0.600000,-74,0.000000,7,8
1,18.000000,17.267000,0.458000,-73,0.000000,7,8
1,18.000000,17.236000,0.377000,-73,0.000000,7,8
1,18.000000,17.214001,0.532000,-74,0.000000,7,8
1,18.000000,17.142000,0.560000,-74,0.000000,7,8
1,18.000000,17.108000,0.562000,-74,0.000000,7,8
1,18.000000,17.155001,0.426000,-73,0.000000,7,8
1,18.000000,17.423000,0.389000,-74,0.000000,7,8
1,18.000000,17.344999,0.436000,-74,0.000000,7,8
1,18.000000,17.108000,0.597000,-73,0.000000,7,8
1,18.000000,17.236000,0.423000,-74,0.000000,7,8
1,18.000000,17.326000,0.453000,-74,0.000000,7,8
1,18.000000,17.344999,0.387000,-74,0.000000,7,8
1,18.000000,17.070000,0.578000,-74,0.000000,7,8
1,18.000000,17.158001,0.459000,-74,0.000000,7,8
1,18.000000,17.073000,0.570000,-74,0.000000,7,8
1,18.000000,17.275999,0.384000,-73,0.000000,7,8
1,18.000000,17.114000,0.562000,-74,0.000000,7,8
1,18.000000,17.073000,0.598000,-74,0.000000,7,8
1,18.000000,17.395000,0.362000,-74,0.000000,7,8
1,18.000000,17.355000,0.391000,-73,0.000000,7,8
1,18.000000,17.076000,0.553000,-73,0.000000,7,8
1,18.000000,17.250999,0.483000,-74,0.000000,7,8
1,18.000000,17.063999,0.587000,-74,0.000000,7,8
1,18.000000,17.355000,0.379000,-73,0.000000,7,8
1,18.000000,17.423000,0.373000,-74,0.000000,7,8
1,18.000000,17.214001,0.572000,-74,0.000000,7,8
1,18.000000,17.311001,0.397000,-74,0.000000,7,8
1,18.000000,17.344999,0.399000,-73,0.000000,7,8
1,18.000000,17.298000,0.479000,-74,0.000000,7,8
1,18.000000,17.236000,0.476000,-74,0.000000,7,8
1,18.000000,17.070000,0.608000,-74,0.000000,7,8
1,18.000000,17.183001,0.543000,-74,0.000000,7,8
1,18.000000,17.033001,0.581000,-74,0.000000,7,8
1,18.000000,17.108000,0.561000,-73,0.000000,7,8
1,18.000000,17.150999,0.524000,-74,0.000000,7,8
1,18.000000,17.313999,0.432000,-74,0.000000,7,8
1,18.000000,17.289000,0.493000,-74,0.000000,7,8
1,18.000000,17.355000,0.391000,-74,0.000000,7,8
1,18.000000,17.179001,0.542000,-74,0.000000,7,8
1,18.000000,17.355000,0.391000,-74,0.000000,7,8
1,18.000000,17.311001,0.492000,-74,0.000000,7,8
1,18.000000,17.233000,0.489000,-74,0.000000,7,8
1,18.000000,17.104000,0.596000,-74,0.000000,7,8
1,18.000000,17.298000,0.427000,-74,0.000000,7,8
1,18.000000,17.275999,0.415000,-74,0.000000,7,8
1,18.000000,17.070000,0.609000,-74,0.000000,7,8
1,18.000000,17.150999,0.556000,-74,0.000000,7,8
1,18.000000,17.389000,0.394000,-74,0.000000,7,8
1,18.000000,17.289000,0.469000,-74,0.000000,7,8
1,18.000000,17.114000,0.571000,-74,0.000000,7,8
1,18.000000,17.295000,0.504000,-74,0.000000,7,8
1,18.000000,17.250999,0.504000,-74,0.000000,7,8
1,18.000000,17.155001,0.523000,-74,0.000000,7,8
1,18.000000,17.176001,0.568000,-72,0.000000,7,8
1,18.000000,17.344999,0.381000,-74,0.000000,7,8
1,18.000000,17.250999,0.491000,-74,0.000000,7,8
1,18.000000,17.355000,0.404000,-74,0.000000,7,8
1,18.000000,17.333000,0.479000,-74,0.000000,7,8
1,18.000000,17.392000,0.376000,-73,0.000000,7,8
1,18.000000,17.142000,0.575000,-74,0.000000,7,8
1,18.000000,17.372999,0.457000,-74,0.000000,7,8
1,18.000000,17.375999,0.463000,-74,0.000000,7,8
1,18.000000,17.423000,0.417000,-72,0.000000,7,8
1,18.000000,17.364000,0.464000,-74,0.000000,7,8
1,18.000000,17.313999,0.412000,-74,0.000000,7,8
1,18.000000,17.433001,0.361000,-74,0.000000,7,8
1,18.000000,17.414000,0.427000,-73,0.000000,7,8
1,18.000000,17.250999,0.535000,-74,0.000000,7,8
1,18.000000,17.433001,0.343000,-74,0.000000,7,8
1,18.000000,17.311001,0.461000,-74,0.000000,7,8
1,18.000000,17.292000,0.509000,-74,0.000000,7,8
1,18.000000,17.500999,0.380000,-74,0.000000,7,8
1,18.000000,17.311001,0.452000,-74,0.000000,7,8
1,18.000000,17.355000,0.359000,-74,0.000000,7,8
1,18.000000,17.295000,0.505000,-74,0.000000,7,8
1,18.000000,17.392000,0.395000,-74,0.000000,7,8
1,18.000000,17.150999,0.568000,-74,0.000000,7,8
1,18.000000,17.216999,0.526000,-74,0.000000,7,8
1,18.000000,17.355000,0.391000,-74,0.000000,7,8
1,18.000000,17.311001,0.452000,-74,0.000000,7,8
1,18.000000,17.179001,0.547000,-75,0.000000,7,8
1,18.000000,17.313999,0.382000,-74,0.000000,7,8
1,18.000000,17.275999,0.413000,-74,0.000000,7,8
1,18.000000,17.250999,0.475000,-74,0.000000,7,8
1,18.000000,17.250999,0.475000,-74,0.000000,7,8
1,18.000000,17.153999,0.499000,-74,0.000000,7,8
1,18.000000,17.176001,0.547000,-74,0.000000,7,8
1,18.000000,17.344999,0.399000,-74,0.000000,7,8
1,18.000000,17.372999,0.446000,-74,0.000000,7,8
1,18.000000,17.250999,0.508000,-74,0.000000,7,8
1,18.000000,17.344999,0.420000,-73,0.000000,7,8
1,18.000000,17.158001,0.517000,-74,0.000000,7,8
1,18.000000,17.250999,0.508000,-74,0.000000,7,8
1,18.000000,17.070000,0.622000,-74,0.000000,7,8
1,18.000000,17.344999,0.466000,-74,0.000000,7,8
1,18.000000,17.316999,0.442000,-74,0.000000,7,8
1,18.000000,17.295000,0.467000,-74,0.000000,7,8
1,18.000000,17.155001,0.598000,-74,0.000000,7,8
1,18.000000,17.033001,0.641000,-74,0.000000,7,8
1,18.000000,17.295000,0.450000,-74,0.000000,7,8
1,18.000000,16.958000,0.695000,-73,0.000000,7,8
1,18.000000,17.275999,0.458000,-74,0.000000,7,8
1,18.000000,17.267000,0.469000,-74,0.000000,7,8
1,18.000000,17.339001,0.459000,-74,0.000000,7,8
1,18.000000,17.176001,0.576000,-74,0.000000,7,8
1,18.000000,17.214001,0.525000,-74,0.000000,7,8
1,18.000000,17.155001,0.552000,-74,0.000000,7,8
1,18.000000,17.267000,0.448000,-74,0.000000,7,8
1,18.000000,17.236000,0.484000,-74,0.000000,7,8
1,18.000000,17.423000,0.378000,-73,0.000000,7,8
1,18.000000,17.275999,0.468000,-74,0.000000,7,8
1,18.000000,17.028999,0.654000,-73,0.000000,7,8
1,18.000000,17.073000,0.592000,-73,0.000000,7,8
1,18.000000,17.191999,0.519000,-73,0.000000,7,8
1,18.000000,17.176001,0.555000,-73,0.000000,7,8
1,18.000000,17.355000,0.374000,-73,0.000000,7,8
1,18.000000,17.142000,0.580000,-73,0.000000,7,8
1,18.000000,17.214001,0.551000,-73,0.000000,7,8
1,18.000000,17.101000,0.601000,-73,0.000000,7,8
1,18.000000,17.344999,0.399000,-73,0.000000,7,8
1,18.000000,17.301001,0.451000,-73,0.000000,6,8
1,18.000000,17.275999,0.396000,-73,0.000000,7,8
1,18.000000,17.275999,0.396000,-73,0.000000,7,8
1,18.000000,16.989000,0.661000,-73,0.000000,7,8
1,18.000000,17.233000,0.498000,-73,0.000000,7,8
1,18.000000,17.336000,0.442000,-74,0.000000,7,8
1,18.000000,17.076000,0.615000,-73,0.000000,7,8
1,18.000000,17.316999,0.435000,-73,0.000000,7,8
1,18.000000,17.233000,0.471000,-74,0.000000,7,8
1,18.000000,17.114000,0.607000,-74,0.000000,7,8
1,18.000000,17.295000,0.454000,-74,0.000000,7,8
1,18.000000,17.355000,0.391000,-73,0.000000,7,8
1,18.000000,17.214001,0.514000,-74,0.000000,7,8
1,18.000000,17.076000,0.624000,-74,0.000000,7,8
1,18.000000,17.275999,0.459000,-74,0.000000,7,8
1,18.000000,17.295000,0.481000,-74,0.000000,7,8
1,18.000000,17.214001,0.553000,-74,0.000000,7,8
1,18.000000,17.076000,0.603000,-74,0.000000,7,8
1,18.000000,17.076000,0.578000,-73,0.000000,7,8
1,18.000000,17.025999,0.668000,-74,0.000000,7,8
1,18.000000,17.076000,0.606000,-74,0.000000,7,8
1,18.000000,17.344999,0.420000,-74,0.000000,7,8
1,18.000000,17.117001,0.585000,-74,0.000000,7,8
1,18.000000,17.236000,0.457000,-74,0.000000,7,8
1,18.000000,17.344999,0.425000,-73,0.000000,7,8
1,18.000000,17.372999,0.437000,-73,0.000000,7,8
1,18.000000,17.250999,0.531000,-74,0.000000,7,8
1,18.000000,17.104000,0.614000,-74,0.000000,7,8
1,18.000000,17.108000,0.576000,-74,0.000000,7,8
1,18.000000,17.076000,0.618000,-74,0.000000,7,8
1,18.000000,17.295000,0.468000,-74,0.000000,7,8
1,18.000000,17.158001,0.584000,-74,0.000000,7,8
1,18.000000,17.063999,0.606000,-73,0.000000,7,8
1,18.000000,17.323000,0.458000,-74,0.000000,7,8
1,18.000000,17.316999,0.467000,-73,0.000000,7,8
1,18.000000,17.179001,0.631000,-74,0.000000,7,8
1,18.000000,17.150999,0.617000,-73,0.000000,7,8
1,18.000000,17.214001,0.514000,-73,0.000000,7,8
1,18.000000,17.275999,0.450000,-73,0.000000,7,8
1,18.000000,17.344999,0.381000,-73,0.000000,7,8
1,18.000000,17.372999,0.370000,-73,0.000000,7,8
1,18.000000,16.995001,0.605000,-73,0.000000,7,8
1,18.000000,17.323000,0.458000,-73,0.000000,7,8
1,18.000000,17.313999,0.401000,-73,0.000000,7,8
1,18.000000,17.080000,0.541000,-73,0.000000,7,8
1,18.000000,17.236000,0.449000,-73,0.000000,7,8
1,18.000000,17.158001,0.517000,-72,0.000000,7,8
1,18.000000,17.289000,0.501000,-73,0.000000,7,8
1,18.000000,17.063999,0.606000,-72,0.000000,7,8
1,18.000000,17.336000,0.437000,-72,0.000000,7,8
1,18.000000,17.295000,0.416000,-72,0.000000,7,8
1,18.000000,17.236000,0.473000,-72,0.000000,7,8
1,18.000000,17.076000,0.603000,-73,0.000000,7,8
1,18.000000,17.117001,0.588000,-73,0.000000,7,8
1,18.000000,17.344999,0.438000,-73,0.000000,7,8
1,18.000000,17.153999,0.539000,-73,0.000000,7,8
1,18.000000,17.395000,0.399000,-73,0.000000,7,8
1,18.000000,17.117001,0.550000,-73,0.000000,7,8
1,18.000000,17.035999,0.680000,-73,0.000000,7,8
1,18.000000,17.114000,0.618000,-72,0.000000,7,8
1,18.000000,17.066999,0.634000,-73,0.000000,7,8
1,18.000000,17.033001,0.681000,-73,0.000000,7,8
1,18.000000,17.028999,0.673000,-72,0.000000,7,8
1,18.000000,17.275999,0.443000,-73,0.000000,7,8
1,18.000000,17.063999,0.628000,-73,0.000000,7,8
1,18.000000,17.285999,0.499000,-73,0.000000,7,8
1,18.000000,17.316999,0.453000,-73,0.000000,7,8
1,18.000000,17.372999,0.428000,-73,0.000000,7,8
1,18.000000,17.114000,0.562000,-73,0.000000,7,8
1,18.000000,16.958000,0.666000,-73,0.000000,7,8
1,18.000000,17.070000,0.593000,-73,0.000000,7,8
1,18.000000,17.236000,0.484000,-73,0.000000,7,8
1,18.000000,17.070000,0.640000,-73,0.000000,7,8
1,18.000000,17.155001,0.585000,-73,0.000000,7,8
1,18.000000,17.233000,0.494000,-73,0.000000,7,8
1,18.000000,17.289000,0.486000,-73,0.000000,7,8
1,18.000000,17.316999,0.408000,-73,0.000000,7,8
1,18.000000,17.313999,0.480000,-73,0.000000,7,8
1,18.000000,17.111000,0.613000,-73,0.000000,7,8
1,18.000000,17.275999,0.444000,-73,0.000000,7,8
1,18.000000,17.188999,0.489000,-73,0.000000,7,8
1,18.000000,17.028999,0.654000,-73,0.000000,7,8
1,18.000000,17.070000,0.630000,-73,0.000000,7,8
1,18.000000,17.298000,0.462000,-73,0.000000,7,8
1,18.000000,17.275999,0.442000,-73,0.000000,7,8
1,18.000000,17.101000,0.614000,-73,0.000000,7,8
1,18.000000,17.104000,0.585000,-74,0.000000,7,8
1,18.000000,17.250999,0.491000,-73,0.000000,7,8
1,18.000000,17.076000,0.591000,-73,0.000000,7,8
1,18.000000,17.316999,0.471000,-73,0.000000,7,8
1,18.000000,17.076000,0.603000,-73,0.000000,7,8
1,18.000000,17.355000,0.442000,-73,0.000000,7,8
1,18.000000,17.233000,0.522000,-72,0.000000,7,8
1,18.000000,17.313999,0.476000,-73,0.000000,7,8
1,18.000000,17.326000,0.469000,-73,0.000000,7,8
1,18.000000,17.285999,0.503000,-73,0.000000,7,8
1,18.000000,17.344999,0.420000,-73,0.000000,7,8
1,18.000000,17.285999,0.487000,-73,0.000000,7,8
1,18.000000,17.395000,0.399000,-73,0.000000,7,8
1,18.000000,17.295000,0.450000,-73,0.000000,7,8
1,18.000000,17.076000,0.630000,-73,0.000000,7,8
1,18.000000,17.076000,0.624000,-73,0.000000,7,8
1,18.000000,16.995001,0.635000,-73,0.000000,7,8
1,18.000000,17.316999,0.407000,-73,0.000000,7,8
1,18.000000,17.355000,0.425000,-73,0.000000,7,8
1,18.000000,17.355000,0.385000,-73,0.000000,7,8
1,18.000000,17.028999,0.648000,-70,0.000000,7,8
1,18.000000,17.028999,0.680000,-71,0.000000,7,8
1,18.000000,17.214001,0.551000,-73,0.000000,7,8
1,18.000000,17.311001,0.469000,-73,0.000000,7,8
1,18.000000,17.289000,0.518000,-73,0.000000,7,8
1,18.000000,17.214001,0.536000,-73,0.000000,7,8
1,18.000000,17.344999,0.468000,-73,0.000000,7,8
1,18.000000,17.372999,0.453000,-72,0.000000,7,8
1,18.000000,17.070000,0.660000,-72,0.000000,7,8
1,18.000000,17.273001,0.487000,-72,0.000000,7,8
1,18.000000,17.313999,0.458000,-73,0.000000,7,8
1,18.000000,17.233000,0.494000,-72,0.000000,7,8
1,18.000000,17.336000,0.471000,-72,0.000000,7,8
1,18.000000,17.076000,0.618000,-72,0.000000,7,8
1,18.000000,17.039000,0.622000,-72,0.000000,7,8
1,18.000000,17.355000,0.434000,-72,0.000000,7,8
1,18.000000,17.114000,0.594000,-73,0.000000,7,8
1,18.000000,17.423000,0.446000,-72,0.000000,7,8
1,18.000000,17.145000,0.624000,-72,0.000000,7,8
1,18.000000,17.313999,0.463000,-72,0.000000,7,8
1,18.000000,17.451000,0.407000,-72,0.000000,7,8
1,18.000000,17.111000,0.588000,-73,0.000000,7,8
1,18.000000,17.028999,0.637000,-74,0.000000,7,8
1,18.000000,17.028999,0.672000,-74,0.000000,7,8
1,18.000000,17.395000,0.419000,-74,0.000000,7,8
1,18.000000,17.292000,0.525000,-74,0.000000,7,8
1,18.000000,17.313999,0.414000,-76,0.000000,7,8
1,18.000000,17.275999,0.442000,-76,0.000000,7,8
1,18.000000,17.066999,0.598000,-75,0.000000,7,8
1,18.000000,17.389000,0.328000,-75,0.000000,7,8
1,18.000000,17.076000,0.502000,-76,0.000000,7,8
1,18.000000,17.139000,0.558000,-77,0.000000,7,8
1,18.000000,17.285999,0.456000,-75,0.000000,7,8
1,18.000000,17.063999,0.634000,-76,0.000000,7,8
1,18.000000,17.188999,0.573000,-75,0.000000,7,8
1,18.000000,17.367001,0.459000,-75,0.000000,7,8
1,18.000000,17.451000,0.404000,-74,0.000000,7,8
1,18.000000,17.219999,0.570000,-75,0.000000,7,8
1,18.000000,17.150999,0.544000,-74,0.000000,7,8
1,18.000000,17.382999,0.386000,-74,0.000000,7,8
1,18.000000,17.298000,0.530000,-74,0.000000,7,8
1,18.000000,17.375999,0.466000,-74,0.000000,7,8
1,18.000000,17.311001,0.478000,-73,0.000000,7,8
1,18.000000,17.423000,0.451000,-73,0.000000,7,8
1,18.000000,17.250999,0.551000,-73,0.000000,7,8
1,18.000000,17.270000,0.505000,-75,0.000000,7,8
1,18.000000,17.148001,0.548000,-77,0.000000,7,8
1,18.000000,17.336000,0.473000,-78,0.000000,7,8
1,18.000000,17.233000,0.414000,-78,0.000000,7,8
1,18.000000,17.295000,0.456000,-74,0.000000,7,8
1,18.000000,17.214001,0.498000,-74,0.000000,7,8
1,18.000000,17.344999,0.420000,-74,0.000000,7,8
1,18.000000,17.195000,0.480000,-74,0.000000,7,8
1,18.000000,17.336000,0.459000,-73,0.000000,7,8
1,18.000000,17.289000,0.496000,-73,0.000000,7,8
1,18.000000,17.316999,0.421000,-74,0.000000,7,8
1,18.000000,17.395000,0.419000,-74,0.000000,7,8
1,18.000000,17.104000,0.563000,-75,0.000000,7,8
1,18.000000,17.313999,0.447000,-74,0.000000,7,8
1,18.000000,17.289000,0.499000,-74,0.000000,7,8
1,18.000000,17.250999,0.540000,-73,0.000000,7,8
1,18.000000,17.285999,0.487000,-73,0.000000,7,8
1,18.000000,17.033001,0.613000,-73,0.000000,7,8
1,18.000000,17.336000,0.442000,-73,0.000000,7,8
1,18.000000,17.028999,0.618000,-74,0.000000,7,8
1,18.000000,17.326000,0.469000,-74,0.000000,7,8
1,18.000000,17.355000,0.430000,-73,0.000000,7,8
1,18.000000,17.066999,0.613000,-73,0.000000,7,8
1,18.000000,17.066999,0.595000,-73,0.000000,7,8
1,18.000000,17.316999,0.391000,-73,0.000000,7,8
1,18.000000,17.344999,0.352000,-73,0.000000,7,8
1,18.000000,17.275999,0.399000,-73,0.000000,7,8
1,18.000000,17.326000,0.428000,-73,0.000000,7,8
1,18.000000,17.028999,0.606000,-73,0.000000,7,8
1,18.000000,17.313999,0.412000,-73,0.000000,7,8
1,18.000000,17.139000,0.586000,-73,0.000000,7,8
1,18.000000,17.101000,0.603000,-73,0.000000,7,8
1,18.000000,17.275999,0.384000,-73,0.000000,7,8
1,18.000000,17.073000,0.628000,-73,0.000000,7,8
1,18.000000,17.247999,0.505000,-73,0.000000,7,8
1,18.000000,17.028999,0.628000,-73,0.000000,7,8
1,18.000000,17.214001,0.532000,-73,0.000000,7,8
1,18.000000,17.139000,0.584000,-73,0.000000,7,8
1,18.000000,17.033001,0.659000,-73,0.000000,7,8
1,18.000000,17.275999,0.428000,-73,0.000000,7,8
1,18.000000,17.025999,0.636000,-73,0.000000,7,8
1,18.000000,17.295000,0.459000,-74,0.000000,7,8
1,18.000000,17.073000,0.593000,-73,0.000000,7,8
1,18.000000,17.395000,0.379000,-74,0.000000,7,8
1,18.000000,17.070000,0.600000,-74,0.000000,7,8
1,18.000000,16.954000,0.656000,-74,0.000000,7,8
1,18.000000,17.236000,0.474000,-73,0.000000,7,8
1,18.000000,17.104000,0.596000,-74,0.000000,7,8
1,18.000000,17.344999,0.408000,-73,0.000000,7,8
1,18.000000,17.076000,0.566000,-73,0.000000,7,8
1,18.000000,17.236000,0.445000,-74,0.000000,7,8
1,18.000000,17.028999,0.628000,-74,0.000000,7,8
1,18.000000,17.101000,0.624000,-74,0.000000,7,8
1,18.000000,17.063999,0.606000,-74,0.000000,7,8
1,18.000000,16.917000,0.671000,-74,0.000000,7,8
1,18.000000,17.273001,0.461000,-73,0.000000,7,8
1,18.000000,17.114000,0.594000,-74,0.000000,7,8
1,18.000000,17.275999,0.435000,-74,0.000000,7,8
1,18.000000,17.114000,0.597000,-73,0.000000,7,8
1,18.000000,17.316999,0.407000,-74,0.000000,7,8
1,18.000000,17.142000,0.531000,-74,0.000000,7,8
1,18.000000,17.386000,0.418000,-73,0.000000,7,8
1,18.000000,16.995001,0.619000,-73,0.000000,7,8
1,18.000000,16.995001,0.632000,-73,0.000000,7,8
1,18.000000,17.066999,0.569000,-74,0.000000,7,8
1,18.000000,17.336000,0.417000,-74,0.000000,7,8
1,18.000000,17.250999,0.499000,-74,0.000000,7,8
1,18.000000,17.150999,0.567000,-74,0.000000,7,8
1,18.000000,17.142000,0.562000,-74,0.000000,7,8
1,18.000000,17.423000,0.327000,-74,0.000000,7,8
1,18.000000,17.289000,0.486000,-74,0.000000,7,8
1,18.000000,17.250999,0.491000,-74,0.000000,7,8
1,18.000000,17.423000,0.342000,-73,0.000000,7,8
1,18.000000,17.104000,0.585000,-73,0.000000,7,8
1,18.000000,16.995001,0.677000,-73,0.000000,7,8
1,18.000000,17.033001,0.627000,-74,0.000000,7,8
1,18.000000,17.344999,0.357000,-73,0.000000,7,8
1,18.000000,17.076000,0.567000,-74,0.000000,7,8
1,18.000000,17.316999,0.373000,-74,0.000000,7,8
1,18.000000,17.247999,0.470000,-74,0.000000,7,8
1,18.000000,17.063999,0.578000,-73,0.000000,7,8
1,18.000000,17.214001,0.514000,-73,0.000000,7,8
1,18.000000,17.316999,0.387000,-74,0.000000,7,8
1,18.000000,17.250999,0.477000,-73,0.000000,7,8
1,18.000000,17.104000,0.610000,-73,0.000000,7,8
1,18.000000,17.076000,0.591000,-73,0.000000,7,8
1,18.000000,17.326000,0.469000,-73,0.000000,7,8
1,18.000000,17.275999,0.409000,-73,0.000000,7,8
1,18.000000,17.395000,0.378000,-73,0.000000,7,8
1,18.000000,17.214001,0.541000,-73,0.000000,7,8
1,18.000000,17.104000,0.588000,-73,0.000000,7,8
1,18.000000,17.195000,0.530000,-73,0.000000,7,8
1,18.000000,17.139000,0.571000,-73,0.000000,7,8
1,18.000000,17.076000,0.627000,-72,0.000000,7,8
1,18.000000,17.076000,0.591000,-73,0.000000,7,8
1,18.000000,17.076000,0.613000,-73,0.000000,7,8
1,18.000000,17.033001,0.646000,-73,0.000000,7,8
1,18.000000,17.250999,0.535000,-73,0.000000,7,8
1,18.000000,17.267000,0.463000,-73,0.000000,7,8
1,18.000000,17.076000,0.581000,-73,0.000000,7,8
1,18.000000,17.451000,0.407000,-73,0.000000,7,8
1,18.000000,17.275999,0.442000,-73,0.000000,7,8
1,18.000000,17.153999,0.549000,-73,0.000000,7,8
1,18.000000,17.176001,0.526000,-73,0.000000,7,8
1,18.000000,17.247999,0.505000,-73,0.000000,7,8
1,18.000000,17.364000,0.435000,-74,0.000000,7,8
1,18.000000,17.176001,0.510000,-73,0.000000,7,8
1,18.000000,17.344999,0.399000,-74,0.000000,7,8
1,18.000000,17.313999,0.450000,-74,0.000000,7,8
1,18.000000,17.145000,0.558000,-74,0.000000,7,8
1,18.000000,17.101000,0.565000,-73,0.000000,7,8
1,18.000000,17.344999,0.399000,-73,0.000000,7,8
1,18.000000,17.070000,0.581000,-73,0.000000,7,8
1,18.000000,17.247999,0.441000,-74,0.000000,7,8
1,18.000000,17.289000,0.469000,-74,0.000000,7,8
1,18.000000,17.239000,0.418000,-74,0.000000,7,8
1,18.000000,17.108000,0.561000,-74,0.000000,7,8
1,18.000000,17.375999,0.446000,-74,0.000000,7,8
1,18.000000,17.073000,0.598000,-74,0.000000,7,8
1,18.000000,17.326000,0.438000,-73,0.000000,7,8
1,18.000000,17.273001,0.444000,-74,0.000000,7,8
1,18.000000,17.063999,0.642000,-74,0.000000,7,8
1,18.000000,17.392000,0.345000,-74,0.000000,7,8
1,18.000000,17.313999,0.381000,-74,0.000000,7,8
1,18.000000,17.108000,0.576000,-74,0.000000,7,8
1,18.000000,17.176001,0.510000,-73,0.000000,7,8
1,18.000000,16.954000,0.653000,-73,0.000000,7,8
1,18.000000,16.995001,0.651000,-73,0.000000,7,8
1,18.000000,17.275999,0.426000,-73,0.000000,7,8
1,18.000000,17.179001,0.547000,-74,0.000000,7,8
1,18.000000,17.066999,0.637000,-74,0.000000,7,8
1,18.000000,17.275999,0.409000,-74,0.000000,7,8
1,18.000000,17.070000,0.610000,-72,0.000000,7,8
1,18.000000,17.267000,0.435000,-74,0.000000,7,8
1,18.000000,17.355000,0.343000,-74,0.000000,7,8
1,18.000000,17.295000,0.437000,-74,0.000000,7,8
1,18.000000,17.063999,0.606000,-74,0.000000,7,8
1,18.000000,17.247999,0.493000,-74,0.000000,7,8
1,18.000000,17.275999,0.426000,-74,0.000000,7,8
1,18.000000,17.101000,0.612000,-73,0.000000,7,8
1,18.000000,17.176001,0.541000,-73,0.000000,7,8
1,18.000000,17.025999,0.636000,-74,0.000000,7,8
1,18.000000,17.195000,0.479000,-74,0.000000,7,8
1,18.000000,17.275999,0.384000,-74,0.000000,7,8
1,18.000000,17.275999,0.413000,-74,0.000000,7,8
1,18.000000,17.395000,0.362000,-74,0.000000,7,8
1,18.000000,17.076000,0.562000,-74,0.000000,7,8
1,18.000000,17.351000,0.416000,-74,0.000000,7,8
1,18.000000,17.372999,0.408000,-74,0.000000,7,8
1,18.000000,17.214001,0.514000,-74,0.000000,7,8
1,18.000000,17.150999,0.589000,-74,0.000000,7,8
1,18.000000,17.179001,0.523000,-74,0.000000,7,8
1,18.000000,17.191999,0.508000,-74,0.000000,7,8
1,18.000000,17.313999,0.394000,-74,0.000000,7,8
1,18.000000,17.108000,0.591000,-74,0.000000,7,8
1,18.000000,17.150999,0.527000,-74,0.000000,7,8
1,18.000000,17.316999,0.411000,-74,0.000000,7,8
1,18.000000,17.153999,0.544000,-74,0.000000,7,8
1,18.000000,17.214001,0.521000,-74,0.000000,7,8
1,18.000000,17.198000,0.500000,-74,0.000000,7,8
1,18.000000,17.066999,0.634000,-74,0.000000,7,8
1,18.000000,17.414000,0.427000,-74,0.000000,7,8
1,18.000000,17.236000,0.437000,-74,0.000000,7,8
1,18.000000,17.114000,0.558000,-74,0.000000,7,8
1,18.000000,17.364000,0.431000,-74,0.000000,7,8
1,18.000000,17.316999,0.408000,-74,0.000000,7,8
1,18.000000,17.191999,0.552000,-74,0.000000,7,8
1,18.000000,17.316999,0.420000,-74,0.000000,7,8
1,18.000000,17.114000,0.571000,-74,0.000000,7,8
1,18.000000,16.995001,0.668000,-74,0.000000,7,8
1,18.000000,17.101000,0.580000,-74,0.000000,7,8
1,18.000000,17.267000,0.448000,-74,0.000000,7,8
1,18.000000,17.316999,0.385000,-73,0.000000,7,8
1,18.000000,17.239000,0.436000,-73,0.000000,7,8
1,18.000000,17.073000,0.593000,-73,0.000000,7,8
1,18.000000,17.063999,0.606000,-73,0.000000,7,8
1,18.000000,17.076000,0.617000,-73,0.000000,7,8
1,18.000000,17.139000,0.607000,-73,0.000000,7,8
1,18.000000,17.176001,0.551000,-73,0.000000,7,8
1,18.000000,17.267000,0.465000,-73,0.000000,7,8
1,18.000000,17.355000,0.408000,-73,0.000000,7,8
1,18.000000,17.414000,0.410000,-74,0.000000,7,8
1,18.000000,17.316999,0.442000,-73,0.000000,7,8
1,18.000000,17.313999,0.447000,-74,0.000000,7,8
1,18.000000,17.355000,0.391000,-73,0.000000,7,8
1,18.000000,17.326000,0.469000,-74,0.000000,7,8
1,18.000000,17.104000,0.593000,-74,0.000000,7,8
1,18.000000,17.101000,0.603000,-73,0.000000,7,8
1,18.000000,17.344999,0.448000,-73,0.000000,7,8
1,18.000000,17.076000,0.583000,-73,0.000000,7,8
1,18.000000,17.316999,0.423000,-73,0.000000,7,8
1,18.000000,16.992001,0.681000,-73,0.000000,7,8
1,18.000000,17.158001,0.509000,-73,0.000000,7,8
1,18.000000,17.214001,0.553000,-73,0.000000,7,8
1,18.000000,17.423000,0.384000,-73,0.000000,7,8
1,18.000000,16.958000,0.682000,-73,0.000000,7,8
1,18.000000,17.275999,0.394000,-73,0.000000,7,8
1,18.000000,17.039000,0.636000,-73,0.000000,7,8
1,18.000000,17.176001,0.551000,-73,0.000000,7,8
1,18.000000,17.158001,0.534000,-73,0.000000,7,8
1,18.000000,17.344999,0.439000,-73,0.000000,7,8
1,18.000000,17.285999,0.487000,-73,0.000000,7,8
1,18.000000,17.080000,0.582000,-73,0.000000,7,8
1,18.000000,17.275999,0.475000,-73,0.000000,7,8
1,18.000000,17.080000,0.619000,-73,0.000000,7,8
1,18.000000,17.275999,0.472000,-73,0.000000,7,8
1,18.000000,17.285999,0.503000,-73,0.000000,7,8
1,18.000000,17.364000,0.460000,-73,0.000000,7,8
1,18.000000,17.028999,0.661000,-73,0.000000,7,8
1,18.000000,17.267000,0.436000,-73,0.000000,7,8
1,18.000000,16.997999,0.663000,-73,0.000000,7,8
1,18.000000,17.039000,0.586000,-73,0.000000,7,8
1,18.000000,17.076000,0.606000,-73,0.000000,7,8
1,18.000000,17.117001,0.562000,-73,0.000000,7,8
1,18.000000,17.063999,0.636000,-73,0.000000,7,8
1,18.000000,17.257999,0.487000,-73,0.000000,7,8
1,18.000000,16.989000,0.648000,-73,0.000000,7,8
1,18.000000,17.035999,0.644000,-73,0.000000,7,8
1,18.000000,17.289000,0.486000,-73,0.000000,7,8
1,18.000000,17.289000,0.469000,-73,0.000000,7,8
1,18.000000,16.995001,0.677000,-73,0.000000,7,8
1,18.000000,17.316999,0.390000,-73,0.000000,7,8
1,18.000000,17.250999,0.491000,-73,0.000000,7,8
1,18.000000,17.117001,0.539000,-73,0.000000,7,8
1,18.000000,17.117001,0.539000,-73,0.000000,7,8
1,18.000000,17.158001,0.505000,-73,0.000000,7,8
1,18.000000,17.257999,0.444000,-73,0.000000,7,8
1,18.000000,17.173000,0.510000,-74,0.000000,7,8
1,18.000000,17.336000,0.426000,-74,0.000000,7,8
1,18.000000,17.289000,0.486000,-74,0.000000,7,8
1,18.000000,17.198000,0.465000,-73,0.000000,7,8
1,18.000000,17.139000,0.578000,-73,0.000000,7,8
1,18.000000,17.267000,0.403000,-73,0.000000,7,8
1,18.000000,17.216999,0.450000,-73,0.000000,7,8
1,18.000000,17.101000,0.588000,-74,0.000000,7,8
1,18.000000,16.992001,0.639000,-73,0.000000,7,8
1,18.000000,16.914000,0.688000,-73,0.000000,7,8
1,18.000000,17.313999,0.394000,-73,0.000000,7,8
1,18.000000,17.257999,0.464000,-73,0.000000,7,8
1,18.000000,16.951000,0.681000,-73,0.000000,7,8
1,18.000000,17.028999,0.620000,-73,0.000000,7,8
1,18.000000,17.063999,0.628000,-73,0.000000,7,8
1,18.000000,16.992001,0.653000,-73,0.000000,7,8
1,18.000000,16.964001,0.608000,-73,0.000000,7,8
1,18.000000,16.951000,0.645000,-74,0.000000,7,8
1,18.000000,17.267000,0.419000,-74,0.000000,7,8
1,18.000000,17.316999,0.394000,-74,0.000000,7,8
1,18.000000,17.139000,0.549000,-74,0.000000,7,8
1,18.000000,17.250999,0.477000,-74,0.000000,7,8
1,18.000000,17.176001,0.537000,-74,0.000000,7,8
1,18.000000,17.275999,0.379000,-74,0.000000,7,8
1,18.000000,17.250999,0.491000,-74,0.000000,7,8
1,18.000000,17.236000,0.445000,-74,0.000000,7,8
1,18.000000,17.173000,0.545000,-74,0.000000,7,8
1,18.000000,17.247999,0.493000,-74,0.000000,7,8
1,18.000000,17.257999,0.444000,-74,0.000000,7,8
1,18.000000,17.344999,0.381000,-74,0.000000,7,8
1,18.000000,17.176001,0.526000,-74,0.000000,7,8
1,18.000000,16.954000,0.670000,-74,0.000000,7,8
1,18.000000,17.295000,0.441000,-73,0.000000,7,8
1,18.000000,17.132999,0.522000,-73,0.000000,7,8
1,18.000000,17.066999,0.601000,-74,0.000000,7,8
1,18.000000,17.295000,0.428000,-73,0.000000,7,8
1,18.000000,17.298000,0.479000,-73,0.000000,7,8
1,18.000000,16.958000,0.647000,-73,0.000000,7,8
1,18.000000,17.336000,0.428000,-73,0.000000,7,8
1,18.000000,17.080000,0.521000,-73,0.000000,7,8
1,18.000000,17.063999,0.615000,-73,0.000000,7,8
1,18.000000,16.958000,0.652000,-73,0.000000,7,8
1,18.000000,17.076000,0.566000,-74,0.000000,7,8
1,18.000000,17.239000,0.410000,-73,0.000000,7,8
1,18.000000,17.120001,0.514000,-73,0.000000,7,8
1,18.000000,17.336000,0.421000,-74,0.000000,7,8
1,18.000000,17.267000,0.419000,-73,0.000000,7,8
1,18.000000,17.216999,0.461000,-74,0.000000,7,8
1,18.000000,17.214001,0.541000,-73,0.000000,7,8
1,18.000000,17.275999,0.399000,-73,0.000000,7,8
1,18.000000,16.992001,0.651000,-73,0.000000,7,8
1,18.000000,17.080000,0.548000,-73,0.000000,7,8
1,18.000000,17.117001,0.535000,-73,0.000000,7,8
1,18.000000,17.076000,0.573000,-73,0.000000,7,8
1,18.000000,17.039000,0.599000,-73,0.000000,7,8
1,18.000000,17.139000,0.578000,-73,0.000000,7,8
1,18.000000,17.063999,0.578000,-73,0.000000,7,8
1,18.000000,16.997999,0.652000,-73,0.000000,7,8
1,18.000000,17.316999,0.375000,-73,0.000000,7,8
1,18.000000,17.275999,0.425000,-74,0.000000,7,8
1,18.000000,17.316999,0.388000,-73,0.000000,7,8
1,18.000000,17.198000,0.448000,-73,0.000000,7,8
1,18.000000,17.198000,0.465000,-73,0.000000,7,8
1,18.000000,17.028999,0.605000,-74,0.000000,7,8
1,18.000000,16.917000,0.671000,-74,0.000000,7,8
1,18.000000,17.257999,0.469000,-74,0.000000,7,8
1,18.000000,17.257999,0.444000,-74,0.000000,7,8
1,18.000000,17.267000,0.403000,-74,0.000000,7,8
1,18.000000,17.101000,0.559000,-74,0.000000,7,8
1,18.000000,16.958000,0.651000,-74,0.000000,7,8
1,18.000000,17.316999,0.359000,-74,0.000000,7,8
1,18.000000,16.917000,0.672000,-74,0.000000,7,8
1,18.000000,17.198000,0.414000,-74,0.000000,7,8
1,18.000000,17.372999,0.428000,-74,0.000000,7,8
1,18.000000,17.267000,0.419000,-74,0.000000,7,8
1,18.000000,17.076000,0.581000,-74,0.000000,7,8
1,18.000000,17.355000,0.385000,-74,0.000000,7,8
1,18.000000,17.176001,0.532000,-74,0.000000,7,8
1,18.000000,16.995001,0.622000,-74,0.000000,7,8
1,18.000000,16.997999,0.637000,-74,0.000000,7,8
1,18.000000,17.073000,0.628000,-74,0.000000,7,8
1,18.000000,17.305000,0.431000,-71,0.000000,7,8
1,18.000000,17.323000,0.429000,-73,0.000000,7,8
1,18.000000,17.344999,0.381000,-74,0.000000,7,8
1,18.000000,17.139000,0.586000,-73,0.000000,7,8
1,18.000000,17.355000,0.370000,-74,0.000000,7,8
1,18.000000,17.176001,0.551000,-73,0.000000,7,8
1,18.000000,16.995001,0.632000,-73,0.000000,7,8
1,18.000000,17.076000,0.570000,-73,0.000000,7,8
1,18.000000,17.250999,0.508000,-73,0.000000,7,8
1,18.000000,17.035999,0.626000,-73,0.000000,7,8
1,18.000000,17.111000,0.587000,-73,0.000000,7,8
1,18.000000,17.364000,0.431000,-73,0.000000,7,8
1,18.000000,17.298000,0.457000,-74,0.000000,7,8
1,18.000000,17.316999,0.390000,-73,0.000000,7,8
1,18.000000,17.285999,0.456000,-74,0.000000,7,8
1,18.000000,17.239000,0.397000,-74,0.000000,7,8
1,18.000000,17.289000,0.454000,-74,0.000000,7,8
1,18.000000,17.355000,0.347000,-74,0.000000,7,8
1,18.000000,17.285999,0.470000,-73,0.000000,7,8
1,18.000000,17.033001,0.624000,-73,0.000000,7,8
1,18.000000,17.236000,0.465000,-73,0.000000,7,8
1,18.000000,17.289000,0.469000,-73,0.000000,7,8
1,18.000000,17.028999,0.640000,-74,0.000000,7,8
1,18.000000,17.076000,0.603000,-74,0.000000,7,8
1,18.000000,17.372999,0.383000,-74,0.000000,7,8
1,18.000000,17.392000,0.372000,-73,0.000000,7,8
1,18.000000,17.195000,0.479000,-73,0.000000,7,8
1,18.000000,17.214001,0.514000,-73,0.000000,7,8
1,18.000000,17.326000,0.438000,-73,0.000000,7,8
1,18.000000,17.326000,0.438000,-73,0.000000,7,8
1,18.000000,17.028999,0.654000,-73,0.000000,7,8
1,18.000000,17.198000,0.452000,-73,0.000000,7,8
1,18.000000,17.216999,0.549000,-74,0.000000,7,8
1,18.000000,17.372999,0.404000,-74,0.000000,7,8
1,18.000000,17.344999,0.403000,-74,0.000000,7,8
1,18.000000,17.216999,0.563000,-74,0.000000,7,8
1,18.000000,17.155001,0.564000,-74,0.000000,7,8
1,18.000000,17.423000,0.388000,-74,0.000000,7,8
1,18.000000,17.395000,0.347000,-74,0.000000,7,8
1,18.000000,17.316999,0.391000,-74,0.000000,7,8
1,18.000000,17.188999,0.552000,-74,0.000000,7,8
1,18.000000,17.423000,0.378000,-74,0.000000,7,8
1,18.000000,17.176001,0.551000,-73,0.000000,7,8
1,18.000000,17.214001,0.550000,-73,0.000000,7,8
1,18.000000,17.414000,0.454000,-73,0.000000,7,8
1,18.000000,17.289000,0.499000,-72,0.000000,7,8
1,18.000000,17.070000,0.643000,-72,0.000000,7,8
1,18.000000,17.395000,0.399000,-73,0.000000,7,8
1,18.000000,17.104000,0.613000,-73,0.000000,7,8
1,18.000000,17.395000,0.444000,-74,0.000000,7,8
1,18.000000,17.077999,0.594000,-73,0.000000,5,8
1,18.000000,17.114000,0.522000,-74,0.000000,7,8
1,18.000000,17.504999,0.281000,-76,0.000000,7,8
1,18.000000,17.400999,0.430000,-75,0.000000,7,8
1,18.000000,17.326000,0.492000,-76,0.000000,7,8
1,18.000000,17.395000,0.402000,-75,0.000000,7,8
1,18.000000,17.414000,0.395000,-77,0.000000,7,8
1,18.000000,17.275999,0.467000,-77,0.000000,7,8
1,18.000000,17.097000,0.568000,-76,0.000000,7,8
1,18.000000,17.188999,0.496000,-77,0.000000,7,8
1,18.000000,17.183001,0.566000,-76,0.000000,7,8
1,18.000000,17.355000,0.418000,-75,0.000000,7,8
1,18.000000,17.188999,0.516000,-75,0.000000,7,8
1,18.000000,17.311001,0.454000,-75,0.000000,7,8
1,18.000000,17.389000,0.339000,-75,0.000000,7,8
1,18.000000,17.267000,0.445000,-76,0.000000,7,8
1,18.000000,17.451000,0.381000,-76,0.000000,7,8
1,18.000000,17.070000,0.537000,-77,0.000000,7,8
1,18.000000,17.395000,0.417000,-74,0.000000,7,8
1,18.000000,17.500999,0.344000,-73,0.000000,7,8
1,18.000000,17.545000,0.350000,-74,0.000000,7,8
1,18.000000,17.414000,0.418000,-75,0.000000,7,8
1,18.000000,17.451000,0.420000,-74,0.000000,7,8
1,18.000000,17.226000,0.451000,-75,0.000000,7,8
1,18.000000,17.372999,0.410000,-77,0.000000,7,8
1,18.000000,17.289000,0.469000,-77,0.000000,7,8
1,18.000000,17.364000,0.395000,-76,0.000000,7,8
1,18.000000,17.070000,0.502000,-77,0.000000,7,8
1,18.000000,17.257999,0.404000,-77,0.000000,7,8
1,18.000000,17.158001,0.435000,-77,0.000000,7,8
1,18.000000,17.250999,0.409000,-78,0.000000,7,8
1,18.000000,17.267000,0.326000,-79,0.000000,7,8
1,18.000000,17.313999,0.321000,-77,0.000000,7,8
1,18.000000,17.104000,0.532000,-78,0.000000,7,8
1,18.000000,17.289000,0.464000,-77,0.000000,7,8
1,18.000000,17.267000,0.415000,-77,0.000000,7,8
1,18.000000,16.914000,0.647000,-80,0.000000,7,8
1,18.000000,17.173000,0.482000,-79,0.000000,7,8
1,18.000000,16.992001,0.597000,-76,0.000000,7,8
1,18.000000,16.879000,0.648000,-76,0.000000,7,8
1,18.000000,17.247999,0.437000,-75,0.000000,7,8
1,18.000000,17.239000,0.415000,-75,0.000000,7,8
1,18.000000,17.257999,0.460000,-73,0.000000,7,8
1,18.000000,17.245001,0.478000,-74,0.000000,7,8
1,18.000000,17.372999,0.441000,-73,0.000000,7,8
1,18.000000,17.430000,0.384000,-73,0.000000,7,8
1,18.000000,17.289000,0.525000,-73,0.000000,7,8
1,18.000000,17.464001,0.395000,-74,0.000000,7,8
1,18.000000,17.392000,0.445000,-74,0.000000,7,8
1,18.000000,17.466999,0.408000,-76,0.000000,7,8
1,18.000000,17.414000,0.445000,-75,0.000000,7,8
1,18.000000,17.500999,0.401000,-75,0.000000,7,8
1,18.000000,17.326000,0.522000,-75,0.000000,7,8
1,18.000000,17.295000,0.530000,-75,0.000000,7,8
1,18.000000,17.289000,0.525000,-75,0.000000,7,8
1,18.000000,17.551001,0.415000,-75,0.000000,7,8
1,18.000000,17.329000,0.502000,-75,0.000000,7,8
1,18.000000,17.301001,0.501000,-76,0.000000,7,8
1,18.000000,17.375999,0.517000,-75,0.000000,7,8
1,18.000000,17.344999,0.551000,-76,0.000000,7,8
1,18.000000,17.355000,0.448000,-76,0.000000,7,8
1,18.000000,17.367001,0.513000,-75,0.000000,7,8
1,18.000000,17.392000,0.456000,-76,0.000000,7,8
1,18.000000,17.289000,0.573000,-76,0.000000,7,8
1,18.000000,17.329000,0.565000,-75,0.000000,7,8
1,18.000000,17.313999,0.468000,-75,0.000000,7,8
1,18.000000,17.257999,0.590000,-75,0.000000,7,8
1,18.000000,17.344999,0.550000,-75,0.000000,7,8
1,18.000000,17.364000,0.490000,-73,0.000000,7,8
1,18.000000,17.348000,0.491000,-76,0.000000,7,8
1,18.000000,17.270000,0.575000,-75,0.000000,7,8
1,18.000000,17.500999,0.464000,-76,0.000000,7,8
1,18.000000,17.423000,0.492000,-76,0.000000,7,8
1,18.000000,17.433001,0.463000,-77,0.000000,7,8
1,18.000000,17.326000,0.541000,-77,0.000000,7,8
1,18.000000,17.191999,0.636000,-77,0.000000,7,8
1,18.000000,17.214001,0.595000,-77,0.000000,7,8
1,18.000000,17.313999,0.503000,-76,0.000000,7,8
1,18.000000,17.351000,0.498000,-76,0.000000,7,8
1,18.000000,17.423000,0.447000,-75,0.000000,7,8
1,18.000000,17.191999,0.566000,-75,0.000000,7,8
1,18.000000,17.355000,0.456000,-75,0.000000,7,8
1,18.000000,17.375999,0.492000,-75,0.000000,7,8
1,18.000000,17.292000,0.525000,-75,0.000000,7,8
1,18.000000,17.329000,0.520000,-75,0.000000,7,8
1,18.000000,17.414000,0.439000,-75,0.000000,7,8
1,18.000000,17.389000,0.469000,-75,0.000000,7,8
1,18.000000,17.230000,0.567000,-75,0.000000,7,8
1,18.000000,17.264000,0.569000,-75,0.000000,7,8
1,18.000000,17.311001,0.532000,-75,0.000000,7,8
1,18.000000,17.466999,0.434000,-75,0.000000,7,8
1,18.000000,17.433001,0.425000,-75,0.000000,7,8
1,18.000000,17.382999,0.473000,-75,0.000000,7,8
1,18.000000,17.183001,0.587000,-75,0.000000,7,8
1,18.000000,17.104000,0.644000,-75,0.000000,7,8
1,18.000000,17.316999,0.479000,-75,0.000000,7,8
1,18.000000,17.270000,0.528000,-75,0.000000,7,8
1,18.000000,17.451000,0.447000,-75,0.000000,7,8
1,18.000000,17.230000,0.529000,-75,0.000000,7,8
1,18.000000,17.500999,0.409000,-75,0.000000,7,8
1,18.000000,17.254000,0.557000,-75,0.000000,7,8
1,18.000000,17.226000,0.565000,-75,0.000000,7,8
1,18.000000,17.364000,0.490000,-75,0.000000,7,8
1,18.000000,17.311001,0.534000,-75,0.000000,7,8
1,18.000000,17.292000,0.553000,-75,0.000000,7,8
